,peakFreq,snr,amplitude,centralFreq,duration,bandwidth,label,Q-value
187741,39.789,5919.36,7.38e-20,3980.241,8.0,7940.48291,Extremely_Loud,11.314
68658,142.363,954.3689999999999,3.6200000000000004e-21,3198.095,3.5,6373.680176,Extremely_Loud,5.657
44597,72.352,63.19,2.4e-22,2821.5409999999997,0.8440000000000001,5607.71875,Extremely_Loud,5.657
128231,115.113,138.30200000000002,5.74e-22,2372.106,2.117,4713.623047,Extremely_Loud,5.657
1082,39.789,3304.77,2.87e-20,3980.241,7.013999999999999,7940.48291,Extremely_Loud,5.657
10964,89.676,2357.58,1.1100000000000001e-20,3404.973,6.438,6794.723145,Extremely_Loud,5.657
23833,142.363,583.741,2.26e-21,3238.252,4.003,6451.770508,Extremely_Loud,5.657
66908,60.857,248.78599999999997,1.67e-21,3002.757,3.125,5980.779785,Extremely_Loud,5.657
15595,176.063,3998.888,1.4999999999999998e-20,3942.868,6.375,7865.735352,Extremely_Loud,5.657
84362,411.865,934.227,3.48e-21,3871.8179999999998,2.229,7713.046875,Extremely_Loud,5.657
123,115.113,7646.706,3.3100000000000003e-20,3980.241,8.25,7940.48291,Extremely_Loud,11.314
38571,115.113,1145.861,4.55e-21,2375.556,3.125,4731.112793,Extremely_Loud,5.657
79607,142.363,927.732,3.6e-21,3001.573,3.0,5983.146973,Extremely_Loud,5.657
143349,39.789,107.443,9.95e-22,825.575,3.25,1626.4165039999998,Extremely_Loud,5.657
20344,14.523,32.998000000000005,4.71e-20,29.454,2.5,38.907371999999995,Extremely_Loud,11.314
187973,39.789,5919.36,7.38e-20,3980.241,8.0,7940.48291,Extremely_Loud,11.314
22690,60.857,194.933,1.4400000000000001e-21,2669.739,2.75,5315.293457,Extremely_Loud,22.627
120800,176.063,486.885,1.8199999999999997e-21,2327.856,2.5,4625.121582,Extremely_Loud,5.657
75139,176.063,832.4689999999999,2.7699999999999996e-21,2376.74,2.75,4728.745605,Extremely_Loud,5.657
63,34.59,9008.049,1.4199999999999997e-19,3980.241,11.25,7940.48291,Extremely_Loud,11.314
80755,41.268,302.01099999999997,4.59e-21,3130.4759999999997,3.5,6252.95166,Extremely_Loud,45.255
82075,39.789,1197.497,1.08e-20,3980.241,7.757000000000001,7940.48291,Extremely_Loud,5.657
154212,32.173,210.63400000000001,2.43e-21,2632.756,3.25,5240.77832,Extremely_Loud,5.657
188074,39.789,5919.36,7.38e-20,3980.241,8.0,7940.48291,Extremely_Loud,11.314
187842,39.789,5919.36,7.38e-20,3980.241,8.0,7940.48291,Extremely_Loud,11.314
1141,75.263,3197.1479999999997,1.91e-20,3980.241,7.209,7940.48291,Extremely_Loud,11.314
83974,32.173,772.174,8.77e-21,3406.167,4.0760000000000005,6792.334961,Extremely_Loud,5.657
57951,115.113,1450.566,6.05e-21,3905.845,5.5,7791.69043,Extremely_Loud,11.314
22647,49.208,938.064,8.000000000000001e-21,3295.907,5.5,6571.813965,Extremely_Loud,11.314
3761,19.648,33.132,1.03e-20,28.308000000000003,7.25,31.881659999999997,Extremely_Loud,11.314
59878,60.857,225.611,1.3699999999999998e-21,1297.934,2.5,2571.1328129999997,Extremely_Loud,22.627
2250,49.208,1661.214,1.33e-20,3406.167,5.0,6792.334961,Extremely_Loud,11.314
11382,60.857,740.544,3.82e-21,3700.9790000000003,4.25,7381.958495999999,Extremely_Loud,11.314
81669,43.035,22.559,2.29e-22,1681.819,1.0,3337.58252,Extremely_Loud,45.255
2534,49.208,1363.646,1.19e-20,3905.845,4.625,7791.69043,Extremely_Loud,11.314
46174,39.789,1621.876,1.29e-20,3700.9790000000003,6.75,7381.958495999999,Extremely_Loud,5.657
187965,39.789,5919.36,7.38e-20,3980.241,8.0,7940.48291,Extremely_Loud,11.314
108768,111.12799999999999,94.726,4.14e-22,3368.442,3.823,6700.983397999999,Extremely_Loud,5.657
22651,115.113,934.171,3.8799999999999996e-21,3408.815,3.25,6787.040039,Extremely_Loud,5.657
1475,39.789,2656.385,3.3300000000000004e-20,3980.241,7.25,7940.48291,Extremely_Loud,11.314
165,142.363,7149.924,2.72e-20,3980.241,7.25,7940.48291,Extremely_Loud,5.657
158210,93.079,179.205,8.399999999999999e-22,2485.756,2.625,4940.922363000001,Extremely_Loud,5.657
18799,39.789,1625.771,2.3e-20,3406.167,5.75,6792.334961,Extremely_Loud,11.314
1194,75.263,3080.113,1.6100000000000002e-20,3197.468,5.422000000000001,6374.935059,Extremely_Loud,45.255
51357,39.789,2479.266,2.2699999999999998e-20,3980.241,7.25,7940.48291,Extremely_Loud,5.657
187271,39.789,5919.36,7.38e-20,3980.241,8.0,7940.48291,Extremely_Loud,11.314
125989,60.857,430.265,2.7800000000000003e-21,541.9159999999999,2.625,1059.098145,Extremely_Loud,5.657
164547,38.062,9.708,1.26e-22,3410.494,0.5,6783.681640999999,Extremely_Loud,45.255
21998,10.734000000000002,12.339,1.73e-19,16.266,0.75,12.53232,Extremely_Loud,45.255
1023,217.74099999999999,3425.2729999999997,1.3100000000000002e-20,3980.241,5.25,7940.48291,Extremely_Loud,5.657
99709,104.579,7.537000000000001,3.09e-23,980.309,0.594,1778.2321780000002,Scratchy,45.255
154214,97.88799999999999,13.841,5.95e-23,86.616,1.3130000000000002,82.798126,Scratchy,45.255
120168,104.016,14.302999999999999,1.02e-22,1838.7910000000002,3.5,3506.849365,Scratchy,45.255
129542,121.587,7.6739999999999995,3.25e-23,122.795,0.094,23.725179999999998,Scratchy,45.255
104083,96.96700000000001,17.008,7.19e-23,224.607,2.063,377.656219,Scratchy,45.255
136308,96.96700000000001,15.025,7.379999999999999e-23,3719.219,3.25,7345.478026999999,Scratchy,45.255
161712,82.58200000000001,19.282,8.1e-23,3988.112,5.075,7924.741698999999,Scratchy,45.255
195142,97.88799999999999,10.21,4.85e-23,740.215,2.5,1382.653931,Scratchy,45.255
127549,115.113,7.835,3.7799999999999994e-23,197.31,0.262,259.265289,Scratchy,5.657
203339,49.586000000000006,7.859,1.0499999999999999e-22,1939.765,1.125,3814.859619,Scratchy,22.627
182352,75.851,8.774,8.5e-23,1325.592,3.188,2518.660889,Scratchy,5.657
126054,114.939,9.668,3.36e-23,135.53799999999998,1.4380000000000002,213.21461499999998,Scratchy,5.657
145069,101.852,7.872999999999999,3.56e-23,1770.6960000000001,0.289,3411.3789060000004,Scratchy,5.657
106276,109.053,10.055,3.8299999999999997e-23,102.133,1.5,43.150501,Scratchy,45.255
167049,89.064,9.36,5.110000000000001e-23,90.44200000000001,1.5,31.73583,Scratchy,45.255
80619,87.398,22.104,1.15e-22,3839.2340000000004,9.406,7543.111816,Scratchy,45.255
192897,88.891,9.76,4.9799999999999996e-23,2114.047,0.6559999999999999,4066.442139,Scratchy,45.255
152384,90.76299999999999,13.119000000000002,6.63e-23,86.86399999999999,1.6880000000000002,82.30229200000001,Scratchy,45.255
182054,87.73299999999999,19.264,8.97e-23,2660.3140000000003,4.313,5190.615234000001,Scratchy,45.255
164232,160.77700000000002,7.89,3.38e-23,3815.296,0.501,7394.223145,Scratchy,45.255
40046,117.57700000000001,7.6579999999999995,2.8000000000000003e-23,3891.533,1.188,7673.618164,Scratchy,22.627
176793,78.032,7.755,4.0899999999999997e-23,90.54,0.563,31.5387,Scratchy,45.255
70350,90.76299999999999,17.45,9.87e-23,3685.092,1.281,7234.828613,Scratchy,45.255
199769,96.96700000000001,11.437000000000001,8.13e-23,1276.7839999999999,3.75,2385.709229,Scratchy,45.255
197864,96.96700000000001,8.757,4.85e-23,76.04899999999999,0.672,56.15234,Scratchy,45.255
123619,93.079,11.39,5.32e-23,167.623,0.735,263.686981,Scratchy,5.657
170205,90.76299999999999,10.229,5.1e-23,824.252,0.5,1513.147705,Scratchy,45.255
197505,96.96700000000001,10.72,5.0799999999999994e-23,95.00399999999999,1.063,22.61138,Scratchy,45.255
44202,84.26,7.832000000000001,4.14e-23,2840.3379999999997,1.36,5570.123535,Scratchy,45.255
193600,97.352,9.08,4.2700000000000005e-23,90.51799999999999,0.625,19.9214,Scratchy,45.255
170840,82.44200000000001,38.326,3.96e-22,104.255,3.094,116.70053100000001,Scratchy,45.255
151656,102.819,8.308,3.15e-23,97.13799999999999,0.25,61.75388,Scratchy,22.627
58900,96.96700000000001,26.249000000000002,1.1599999999999998e-22,2637.962,2.875,5230.367188,Scratchy,45.255
26647,78.032,14.079,6.75e-23,3495.199,4.096,6932.537109000001,Scratchy,22.627
178147,106.574,16.012999999999998,7.19e-23,2745.466,4.875,5355.575684,Scratchy,45.255
165358,195.076,10.86,3.6799999999999996e-23,481.348,2.188,770.0565799999999,Scratchy,45.255
71980,100.70100000000001,20.4,8.340000000000001e-23,2989.9320000000002,7.0,5844.508301,Scratchy,45.255
137573,89.91,10.285,6.93e-23,87.76899999999999,1.5630000000000002,80.492928,Scratchy,45.255
203108,93.079,8.955,4.0899999999999997e-23,115.788,0.354,160.017029,Scratchy,5.657
148889,75.263,8.685,4.64e-23,90.85600000000001,0.391,134.92576599999998,Scratchy,5.657
123615,93.079,11.39,5.32e-23,167.623,0.735,263.686981,Scratchy,5.657
140204,88.88,8.222000000000001,3.99e-23,97.846,0.21899999999999997,60.33728000000001,Scratchy,22.627
184721,90.76299999999999,8.734,4.129999999999999e-23,136.23,1.4380000000000002,101.454071,Scratchy,45.255
179520,96.96700000000001,8.454,3.86e-23,1398.986,2.4130000000000003,2709.474609,Scratchy,45.255
161251,1743.3120000000001,9.632,9.38e-23,1788.975,0.012,1435.0195310000001,Scratchy,11.314
180035,93.777,8.545,3.41e-23,96.70100000000001,0.75,62.62896,Scratchy,45.255
169528,89.91,13.055,6.389999999999999e-23,92.476,1.0,23.2995,Scratchy,45.255
199579,96.96700000000001,7.521,3.46e-23,2868.237,0.43799999999999994,5569.076172,Scratchy,11.314
153311,145.556,11.96,4.61e-23,3717.763,1.969,7252.658691,Scratchy,45.255
199942,95.15299999999999,8.85,4.1700000000000006e-23,95.12,0.625,22.380051,Scratchy,45.255
56048,70.623,9.142000000000001,3.7600000000000005e-23,102.87899999999999,0.43799999999999994,100.842232,Power_Line,45.255
33238,70.623,11.853,4.6700000000000005e-23,3978.998,1.229,7942.969238,Power_Line,22.627
52248,70.623,8.05,3.2200000000000004e-23,3112.38,0.852,6209.733886999999,Power_Line,45.255
54843,70.623,8.158,3.34e-23,3680.849,0.375,7241.764648,Power_Line,22.627
39373,70.623,11.654000000000002,4.57e-23,1031.593,2.0,2048.774902,Power_Line,45.255
29373,70.623,10.645999999999999,4.9e-23,3900.103,0.392,7695.290039,Power_Line,22.627
31065,70.623,11.157,4.2700000000000005e-23,4001.47,0.47600000000000003,7898.024414,Power_Line,45.255
42469,70.623,13.47,5.3e-23,352.115,0.75,599.313354,Power_Line,45.255
70157,70.623,12.622,4.72e-23,72.976,0.7659999999999999,101.463013,Power_Line,45.255
36490,70.623,11.311,4.7700000000000004e-23,76.143,0.375,47.36956,Power_Line,45.255
18319,70.623,13.432,5.32e-23,1827.4489999999998,0.75,3549.981689,Power_Line,22.627
43463,70.43,10.261,4.0399999999999994e-23,3698.5640000000003,0.377,7292.212401999999,Power_Line,22.627
159068,55.497,8.654,5.61e-23,56.315,0.5,54.76775,Power_Line,22.627
31643,70.623,11.515999999999998,4.5799999999999995e-23,76.143,0.625,47.36956,Power_Line,22.627
48414,70.623,10.96,5.0700000000000006e-23,88.083,0.43799999999999994,71.24968,Power_Line,22.627
122149,75.851,11.662,8.199999999999999e-23,189.41099999999997,2.563,246.300262,Power_Line,45.255
24831,70.623,12.421,4.56e-23,88.083,0.375,71.24968,Power_Line,45.255
53321,70.623,9.281,3.7e-23,250.227,0.41700000000000004,395.537262,Power_Line,22.627
196955,78.307,8.14,3.18e-23,3678.615,0.25,7247.782715,Power_Line,22.627
56111,70.623,9.232000000000001,3.6299999999999993e-23,3900.103,0.431,7695.290039,Power_Line,45.255
32541,69.014,12.167,7.19e-23,495.24199999999996,1.25,865.0032960000001,Power_Line,45.255
118330,73.732,17.933,9.150000000000001e-23,3049.7909999999997,5.0,5990.134765999999,Power_Line,45.255
96896,70.623,7.652,3.0199999999999995e-23,79.958,0.188,55.000431000000006,Power_Line,22.627
23261,70.623,14.443,5.470000000000001e-23,4001.47,0.7120000000000001,7898.024414,Power_Line,45.255
129992,70.43,8.691,3.56e-23,71.08,0.625,57.495892000000005,Power_Line,11.314
43577,70.623,12.747,4.7999999999999993e-23,2818.115,7.5,5624.179688,Power_Line,45.255
50957,70.623,9.314,3.66e-23,3817.8590000000004,0.74,7530.801758,Power_Line,45.255
68255,63.39,8.171,3.73e-23,3579.808,0.625,7037.325195,Power_Line,45.255
58027,70.623,9.749,3.9e-23,88.083,0.375,71.24968,Power_Line,45.255
99749,73.732,14.542,8.72e-23,422.342,1.5,735.237854,Power_Line,45.255
33388,70.623,10.044,3.88e-23,2775.202,0.779,5445.487793,Power_Line,22.627
39671,70.623,10.867,4.1899999999999995e-23,2788.028,0.5,5471.140136999999,Power_Line,22.627
163172,89.91,21.703000000000003,9.19e-23,106.521,0.688,103.595322,Power_Line,45.255
28588,70.623,10.312000000000001,3.88e-23,76.143,0.5,47.36956,Power_Line,45.255
145802,86.949,12.985999999999999,6.18e-23,738.3789999999999,1.5,1386.325073,Power_Line,22.627
54394,80.77600000000001,9.15,3.6100000000000004e-23,3817.8590000000004,0.406,7530.801758,Power_Line,22.627
163071,75.851,10.849,7.63e-23,2108.251,2.234,4083.979004,Power_Line,45.255
27789,70.623,11.744000000000002,4.63e-23,3764.551,0.625,7424.186035,Power_Line,45.255
17438,70.623,13.584000000000001,5.1900000000000005e-23,2775.202,0.5660000000000001,5445.487793,Power_Line,45.255
21051,70.623,13.624,5.12e-23,88.083,0.5,71.24968,Power_Line,45.255
45259,70.43,9.602,3.8299999999999997e-23,76.143,0.43799999999999994,47.36956,Power_Line,22.627
86488,72.352,8.468,5.62e-23,108.083,0.938,76.323463,Power_Line,45.255
31237,70.623,12.84,5.2399999999999996e-23,88.083,0.5,71.24968,Power_Line,45.255
63017,70.623,9.672,3.82e-23,2851.51,0.41700000000000004,5598.104492,Power_Line,45.255
33946,70.623,11.126,4.5e-23,1166.93,0.469,2228.943115,Power_Line,45.255
152405,72.352,8.189,7.1e-23,108.083,0.625,76.323463,Power_Line,45.255
193281,81.806,8.906,3.7600000000000005e-23,2508.913,0.563,4868.678223,Power_Line,45.255
16322,70.623,12.597999999999999,5.1e-23,3964.05,0.636,7823.184081999999,Power_Line,45.255
27336,70.623,12.013,5.61e-23,3257.665,0.625,6410.414551,Power_Line,22.627
166706,45.977,306.134,2.68e-21,3980.241,19.25,7940.48291,Power_Line,5.657
42584,29.948,8.136000000000001,2.31e-22,3243.09,1.169,6431.092285,Scattered_Light,45.255
155550,24.178,25.561999999999998,1.62e-21,582.544,2.5,1145.088013,Scattered_Light,45.255
182166,24.264,8.863999999999999,2.4e-22,3984.699,1.712,7931.567383,Scattered_Light,11.314
31341,39.02,15.894,1.27e-22,1024.795,1.25,2003.846436,Scattered_Light,22.627
34734,32.741,11.610999999999999,2.04e-22,2651.8059999999996,1.581,5256.825195,Scattered_Light,45.255
54605,27.308000000000003,8.504,1.72e-22,3193.2290000000003,1.25,6348.628418,Scattered_Light,45.255
103912,44.678999999999995,10.276,7.2e-23,3989.0240000000003,1.6230000000000002,7922.916504000001,Scattered_Light,11.314
95943,26.003,14.079,2.98e-22,3813.042,3.188,7595.494629000001,Scattered_Light,22.627
35806,34.378,10.09,1.11e-22,3837.2990000000004,1.5,7636.76709,Scattered_Light,11.314
45218,31.594,10.332,1.2899999999999998e-22,33.514,1.25,21.47064,Scattered_Light,45.255
38112,22.706999999999997,91.68799999999999,3.15e-21,3980.718,7.75,7939.528809,Scattered_Light,45.255
161519,26.583000000000002,26.877,1.47e-21,216.63299999999998,4.5,413.26617400000003,Scattered_Light,45.255
8950,31.594,9.876,2.07e-22,34.321999999999996,1.875,13.95512,Scattered_Light,45.255
134994,22.115,7.5760000000000005,2.53e-22,3984.699,1.5530000000000002,7931.567383,Scattered_Light,45.255
16533,24.881999999999998,10.315,2.26e-22,2835.845,3.577,5633.859375,Scattered_Light,11.314
136895,30.734,9.702,1.5e-22,33.56,0.7809999999999999,21.37705,Scattered_Light,11.314
69774,36.625,8.132,9.06e-23,2934.462,0.625,5822.137207,Scattered_Light,11.314
175976,27.308000000000003,7.722,1.31e-22,27.346999999999998,0.813,16.8638,Scattered_Light,11.314
145994,18.502,24.482,4.34e-21,3980.241,4.26,7940.48291,Scattered_Light,45.255
6903,26.433000000000003,12.405,2.9e-22,3910.303,1.83,7782.774901999999,Scattered_Light,45.255
20704,24.613000000000003,8.33,2.64e-22,3984.699,1.75,7931.567383,Scattered_Light,45.255
202667,18.047,100.523,2.2000000000000002e-20,3980.241,6.0,7940.48291,Scattered_Light,45.255
188905,19.835,12.339,8.369999999999999e-22,46.781000000000006,0.75,58.17075,Scattered_Light,45.255
18602,29.136999999999997,8.673,2.6699999999999997e-22,34.319,1.25,16.026460999999998,Scattered_Light,45.255
114293,23.75,7.558,4.33e-22,2839.9790000000003,1.25,5637.196777,Scattered_Light,45.255
132649,30.734,8.808,1.69e-22,33.821,0.5,20.85581,Scattered_Light,11.314
16252,29.948,14.181,3.97e-22,2481.084,4.873,4924.336426,Scattered_Light,45.255
98320,24.178,12.34,4.35e-22,3364.808,3.75,6705.432617,Scattered_Light,22.627
16353,32.11,12.106,2.35e-22,2967.79,3.75,5888.792969,Scattered_Light,45.255
133101,38.93,9.011000000000001,8.32e-23,3885.571,1.125,7724.35498,Scattered_Light,11.314
5066,23.331,17.259,1.3800000000000003e-21,35.009,2.0,39.428711,Scattered_Light,45.255
21011,25.175,18.668,1.3e-21,3268.135,4.5,6500.369629,Scattered_Light,45.255
43245,35.306,10.956,1.08e-22,3986.364,1.413,7928.237793000001,Scattered_Light,11.314
19683,23.75,27.54,1.64e-21,1434.509,2.25,2838.428711,Scattered_Light,45.255
78925,29.136999999999997,7.832999999999999,2.2800000000000004e-22,29.796999999999997,0.75,6.982989999999999,Scattered_Light,45.255
14782,30.629,12.290999999999999,2.37e-22,2865.599,3.0,5693.366699,Scattered_Light,45.255
13418,29.418000000000003,8.718,1.43e-22,2561.76,1.3130000000000002,5076.73291,Scattered_Light,11.314
52112,25.355999999999998,10.879000000000001,4.65e-22,2322.746,2.0,4599.749022999999,Scattered_Light,45.255
120945,25.055999999999997,19.894000000000002,1.08e-21,439.101,1.0,854.550781,Scattered_Light,45.255
24976,33.598,12.132,2.04e-22,34.319,1.75,16.026460999999998,Scattered_Light,45.255
10148,28.388,8.461,2.35e-22,33.821,1.25,20.85581,Scattered_Light,45.255
12307,28.898000000000003,13.613,3.2799999999999998e-22,1224.596,1.5,2411.855713,Scattered_Light,45.255
16744,26.909000000000002,8.762,5.32e-22,27.346999999999998,2.75,16.8638,Scattered_Light,45.255
78681,29.418000000000003,8.458,1.42e-22,3886.745,1.0,7722.006836,Scattered_Light,45.255
24278,27.308000000000003,12.029000000000002,2.0999999999999998e-22,3982.889,1.5,7935.187988,Scattered_Light,11.314
16098,33.983000000000004,21.704,3.27e-22,2121.92,6.875,4206.009765999999,Scattered_Light,45.255
181467,34.59,7.742000000000001,7.78e-23,33.821,0.688,20.85581,Scattered_Light,11.314
36528,34.541,13.61,2.6e-22,966.1339999999999,2.75,1886.838745,Scattered_Light,45.255
12435,29.773000000000003,12.592,2.21e-22,3986.677,4.761,7927.61084,Scattered_Light,11.314
40926,25.506999999999998,8.465,3.75e-22,26.628,1.75,5.43234,Scattered_Light,45.255
166515,75.263,39.465,2.16e-22,240.71,0.875,434.63409400000006,Koi_Fish,5.657
98205,93.079,28.633000000000003,1.2e-22,2489.74,1.0,4941.648438,Koi_Fish,5.657
27282,93.079,80.60300000000001,3.5200000000000004e-22,2380.014,1.08,4722.197754,Koi_Fish,5.657
154099,176.063,80.84899999999999,2.62e-22,544.761,1.0,1053.408447,Koi_Fish,5.657
27281,49.208,121.12200000000001,1.07e-21,2120.11,1.25,4209.630371,Koi_Fish,5.657
113483,115.113,83.194,3.5200000000000004e-22,359.72900000000004,1.0,681.627441,Koi_Fish,5.657
83565,30.686999999999998,110.755,1.5399999999999999e-21,3979.2940000000003,2.75,7942.376953,Koi_Fish,5.657
102730,39.789,63.595,7.750000000000001e-22,543.38,2.0,1056.170654,Koi_Fish,5.657
154515,115.113,234.713,8.35e-22,2918.329,3.0,5811.92334,Koi_Fish,5.657
181159,39.789,20.297,1.61e-22,3747.5840000000003,1.016,7457.336914,Koi_Fish,5.657
102117,32.173,37.597,4.51e-22,3982.889,1.6469999999999998,7935.187988,Koi_Fish,5.657
207077,49.208,16.761,1.5e-22,196.875,0.75,346.963043,Koi_Fish,5.657
207078,49.208,16.761,1.5e-22,196.875,0.75,346.963043,Koi_Fish,5.657
48818,509.36300000000006,187.209,7.24e-22,2378.2039999999997,1.25,4725.818359000001,Koi_Fish,5.657
87829,47.123999999999995,28.055999999999997,2.63e-22,514.635,1.141,993.368042,Koi_Fish,5.657
49497,93.079,78.245,3.53e-22,359.72900000000004,1.5,681.627441,Koi_Fish,5.657
38244,509.36300000000006,263.33,1.04e-21,2636.031,1.07,5234.22998,Koi_Fish,5.657
177367,39.789,25.116,2.84e-22,238.47099999999998,1.0,439.11175499999996,Koi_Fish,5.657
40598,333.03,380.44,1.29e-21,3982.889,1.297,7935.187988,Koi_Fish,5.657
18954,115.113,143.461,5.84e-22,2378.2039999999997,1.5,4725.818359000001,Koi_Fish,5.657
29664,115.113,174.778,7.31e-22,2378.2039999999997,1.517,4725.818359000001,Koi_Fish,5.657
119126,49.208,23.835,1.49e-22,2757.884,1.5,5485.178711,Koi_Fish,5.657
43923,176.063,565.9590000000001,1.8499999999999997e-21,2378.2039999999997,1.656,4725.818359000001,Koi_Fish,5.657
41285,217.74099999999999,106.137,3.5e-22,3982.889,2.75,7935.187988,Koi_Fish,5.657
64726,49.208,141.80100000000002,1.01e-21,3462.433,2.799,6900.131348000001,Koi_Fish,5.657
40073,142.363,60.316,2.3300000000000003e-22,2380.014,1.375,4722.197754,Koi_Fish,5.657
81231,72.366,39.265,2.0600000000000001e-22,3552.8109999999997,1.5,7069.720215,Koi_Fish,5.657
182198,32.173,18.247,2.07e-22,3871.8179999999998,1.268,7713.046875,Koi_Fish,5.657
184800,32.173,154.07299999999998,1.99e-21,2376.74,2.5,4728.745605,Koi_Fish,5.657
196298,75.263,10.032,4.61e-23,3883.3320000000003,1.253,7728.83252,Koi_Fish,5.657
65027,142.363,80.88,2.79e-22,357.91900000000004,1.375,685.2480469999999,Koi_Fish,5.657
72744,217.74099999999999,85.01700000000001,2.91e-22,2785.797,1.014,5533.762695,Koi_Fish,5.657
3312,269.285,139.29399999999998,5.22e-22,1924.455,1.5,3818.320801,Koi_Fish,5.657
21460,93.079,66.51100000000001,3.1599999999999997e-22,828.85,1.75,1619.868286,Koi_Fish,5.657
132797,142.363,31.471,1.24e-22,361.968,0.875,677.14978,Koi_Fish,5.657
154191,39.789,23.381999999999998,1.8300000000000002e-22,3982.889,1.6059999999999999,7935.187988,Koi_Fish,5.657
121996,217.74099999999999,618.573,2.38e-21,1557.559,2.0,3084.527832,Koi_Fish,5.657
35508,217.74099999999999,242.804,8.02e-22,3945.515,2.0,7860.44043,Koi_Fish,5.657
152522,176.063,1154.212,4.63e-21,1924.455,2.602,3818.320801,Koi_Fish,5.657
38782,324.754,243.658,8.1e-22,3030.635,1.158,6025.369629,Koi_Fish,5.657
84947,60.857,134.091,8.379999999999999e-22,192.825,2.0,355.06131,Koi_Fish,5.657
75300,49.208,232.14700000000002,2.0000000000000002e-21,1019.543,2.25,2014.350952,Koi_Fish,5.657
58879,217.74099999999999,103.39200000000001,3.9099999999999997e-22,828.85,1.0,1619.868286,Koi_Fish,5.657
57658,217.74099999999999,90.27,2.88e-22,3730.347,1.0,7422.862793000001,Koi_Fish,5.657
175786,115.113,31.025,1.0899999999999999e-22,2766.607,2.5,5508.479492,Koi_Fish,5.657
60734,176.063,328.228,1.2300000000000002e-21,1022.817,2.0,2007.8028559999998,Koi_Fish,5.657
22711,111.12799999999999,84.41799999999999,3.4199999999999997e-22,352.957,1.0,670.013184,Koi_Fish,5.657
75494,49.208,155.63,9.830000000000001e-22,1019.543,1.75,2014.350952,Koi_Fish,11.314
41404,93.079,51.248999999999995,2.27e-22,3410.625,0.9309999999999999,6783.419434,Koi_Fish,5.657
26986,49.208,82.79700000000001,7.55e-22,3136.949,1.75,6236.067871,Koi_Fish,5.657
121034,1451.771,7.78,9.51e-23,2983.618,0.08199999999999999,5719.820801,Whistle,11.314
64474,985.9639999999999,8.269,7.46e-23,2523.3320000000003,1.046,4435.5625,Whistle,22.627
10144,985.9639999999999,8.469,6.890000000000001e-23,3357.865,0.18100000000000002,6324.137695,Whistle,11.314
14360,1270.1860000000001,30.066,2.83e-22,3997.366,0.228,7906.233887,Whistle,22.627
17838,972.175,8.132,6.63e-23,3405.426,0.44799999999999995,6603.829102000001,Whistle,22.627
20697,279.815,8.432,2.79e-23,3683.369,0.7909999999999999,7236.725098000001,Whistle,45.255
205859,909.691,7.502999999999999,5.1399999999999997e-23,912.716,0.055,37.426029,Whistle,45.255
4257,747.302,22.54,1.4e-22,4010.202,0.158,7880.561523,Whistle,5.657
150919,1192.246,15.148,1.0300000000000001e-22,2326.268,0.09,3251.450928,Whistle,22.627
32111,1636.34,8.255,1.0499999999999999e-22,3546.8190000000004,0.157,6837.60791,Whistle,22.627
190539,1349.692,8.831,8.690000000000001e-23,2797.085,0.316,3015.186035,Whistle,45.255
34313,1743.3120000000001,7.734,1.02e-22,3728.208,0.115,6972.124512,Whistle,22.627
5701,994.559,14.909,1.2199999999999999e-22,3867.9390000000003,0.588,7574.76416,Whistle,22.627
4339,411.865,21.724,9.75e-23,4017.091,0.21899999999999997,7866.78418,Whistle,5.657
60014,572.633,8.359,4.16e-23,1097.443,0.149,1803.2945559999998,Whistle,45.255
77008,1065.326,8.157,6.82e-23,3101.5890000000004,0.064,5886.539551,Whistle,5.657
65684,1743.3120000000001,8.016,1.0100000000000001e-22,3294.938,0.069,6205.95166,Whistle,22.627
5429,1270.1860000000001,15.687999999999999,1.5799999999999998e-22,4039.2490000000003,0.22899999999999998,7822.467773,Whistle,11.314
192156,1119.088,8.818,5.87e-23,1686.431,0.027000000000000003,1640.1088869999999,Whistle,11.314
26879,1290.275,10.69,1.06e-22,3141.388,0.507,3821.577393,Whistle,45.255
40683,1270.1860000000001,10.02,9.650000000000001e-23,3595.127,0.14400000000000002,6983.22998,Whistle,11.314
157749,629.939,10.31,5.58e-23,3989.623,0.08900000000000001,7772.223633,Whistle,5.657
133356,1119.088,16.452,9.81e-23,1603.514,0.031,1805.942139,Whistle,11.314
150695,946.572,8.64,6.85e-23,3658.8909999999996,0.10800000000000001,7110.758301000001,Whistle,5.657
51275,1216.3319999999999,9.269,6.72e-23,3978.902,2.931,7943.162109000001,Whistle,45.255
19188,458.63699999999994,12.157,5.2900000000000004e-23,3941.382,0.593,7142.05127,Whistle,45.255
72997,1198.978,9.508,8.690000000000001e-23,3971.772,0.09699999999999999,7551.95166,Whistle,11.314
138532,1192.246,15.050999999999998,1.04e-22,1686.431,0.027000000000000003,1640.1088869999999,Whistle,22.627
158739,509.36300000000006,14.567,7.06e-23,656.805,0.031,829.320129,Whistle,5.657
7658,1762.225,11.33,1.5400000000000001e-22,3101.8520000000003,0.579,5887.067383,Whistle,45.255
9174,691.23,9.616,5.429999999999999e-23,3520.257,1.046,6784.483887,Whistle,45.255
150223,1573.3770000000002,8.066,8.94e-23,2345.743,0.273,3439.690918,Whistle,45.255
112640,217.74099999999999,18.134,6.72e-23,4017.091,0.125,7866.78418,Whistle,5.657
190295,1543.931,9.575,1.26e-22,2582.19,3.04,4317.84668,Whistle,45.255
56011,747.302,7.5360000000000005,4.49e-23,3580.71,0.188,6769.82666,Whistle,11.314
58622,1743.3120000000001,8.138,1.07e-22,3578.632,0.08,6765.671387,Whistle,5.657
121215,702.775,8.017000000000001,4.5e-23,3556.0879999999997,0.168,6492.494140999999,Whistle,45.255
25306,1573.3770000000002,20.929000000000002,2.4200000000000003e-22,4370.979,0.816,6861.421387,Whistle,45.255
26176,841.056,21.776,1.49e-22,3985.0190000000002,1.5,7930.928223000001,Whistle,5.657
102643,629.939,19.505,1.08e-22,4002.603,0.11599999999999999,7895.759276999999,Whistle,5.657
203407,1050.42,9.341000000000001,5.76e-23,3866.138,0.154,6331.189941,Whistle,11.314
7498,1503.3270000000002,11.555,1.46e-22,3898.01,0.455,7660.664062999999,Whistle,5.657
27065,1149.624,9.163,8.390000000000001e-23,2980.086,1.775,5792.775879,Whistle,45.255
41943,1119.088,16.814,1.42e-22,4002.603,0.303,7895.759276999999,Whistle,11.314
188308,1119.088,12.96,8.800000000000001e-23,1363.63,0.023,1326.175415,Whistle,11.314
200114,142.363,8.201,3.16e-23,2851.947,0.114,5536.497559,Whistle,5.657
102704,1198.978,28.47,1.82e-22,1900.183,0.039,2399.279785,Whistle,11.314
44239,841.056,9.28,6.58e-23,3426.091,0.161,6582.867188,Whistle,11.314
18298,1743.3120000000001,15.024000000000001,1.97e-22,4054.401,0.086,7792.164062999999,Whistle,11.314
195802,753.0880000000001,8.916,4.71e-23,1919.057,0.27899999999999997,2705.209473,Whistle,11.314
39670,12.055,11.14,3.14e-20,420.48699999999997,1.5,825.7492679999999,Low_Frequency_Burst,11.314
33989,12.481,97.041,3.68e-19,3832.841,7.5,7645.682617,Low_Frequency_Burst,22.627
98474,11.319,13.434000000000001,6.59e-20,2829.087,4.0,5642.950684,Low_Frequency_Burst,22.627
58742,11.120999999999999,8.037,5.73e-20,12.647,0.344,5.29479,Low_Frequency_Burst,5.657
25441,11.120999999999999,7.846,5.1500000000000006e-20,12.647,0.188,5.29479,Low_Frequency_Burst,5.657
175656,22.046999999999997,8.301,3.2e-22,2784.071,0.5,5532.240723,Low_Frequency_Burst,11.314
149055,12.055,11.302,3.35e-20,202.08700000000002,2.5,388.950531,Low_Frequency_Burst,11.314
100606,11.319,10.162,4.7800000000000004e-20,56.856,1.25,98.487511,Low_Frequency_Burst,22.627
22907,11.120999999999999,12.702,7.89e-20,3700.9790000000003,1.5630000000000002,7381.958495999999,Low_Frequency_Burst,5.657
69160,11.715,36.695,1.8899999999999997e-19,2338.785,4.5,4657.569336,Low_Frequency_Burst,11.314
104139,12.055,18.364,5.44e-20,17.589000000000002,3.75,19.954069,Low_Frequency_Burst,22.627
63073,10.609000000000002,80.113,8.170000000000001e-19,3869.171,5.05,7718.341797,Low_Frequency_Burst,11.314
106908,12.481,15.790999999999999,5.87e-20,2765.423,3.5,5510.84668,Low_Frequency_Burst,22.627
42575,11.715,16.662,9.53e-20,3878.8740000000003,2.5,7737.748047,Low_Frequency_Burst,11.314
16544,11.120999999999999,10.225,6.21e-20,2815.098,0.75,5610.196289,Low_Frequency_Burst,5.657
23443,11.120999999999999,8.298,4.84e-20,12.647,0.25,5.29479,Low_Frequency_Burst,5.657
7320,11.120999999999999,11.79,7.7e-20,14.458,0.43799999999999994,8.915389999999999,Low_Frequency_Burst,5.657
82824,12.055,16.755,4.65e-20,18.602,1.5,21.97958,Low_Frequency_Burst,22.627
12514,11.120999999999999,12.157,7.079999999999999e-20,824.3919999999999,1.5,1628.783691,Low_Frequency_Burst,5.657
185272,30.734,7.615,1.19e-22,607.138,0.25,1167.488892,Low_Frequency_Burst,11.314
162171,12.741,29.68,6.03e-20,3404.973,4.5,6794.723145,Low_Frequency_Burst,22.627
83584,10.609000000000002,14.725999999999999,1.1999999999999999e-19,3905.845,2.5,7791.69043,Low_Frequency_Burst,11.314
6538,11.120999999999999,13.032,8.18e-20,3878.8740000000003,1.0,7737.748047,Low_Frequency_Burst,5.657
77586,12.741,23.033,5.009999999999999e-20,1009.0369999999999,3.5,2002.85083,Low_Frequency_Burst,22.627
11718,11.120999999999999,52.776,3.49e-19,1268.974,3.293,2517.947998,Low_Frequency_Burst,5.657
74942,12.055,15.003,4.89e-20,17.589000000000002,3.0,19.954069,Low_Frequency_Burst,22.627
38685,12.481,105.846,3.67e-19,3656.2529999999997,4.5,7292.506348000001,Low_Frequency_Burst,22.627
19739,10.609000000000002,16.171,1.7399999999999997e-19,1459.608,3.0,2899.216797,Low_Frequency_Burst,5.657
23591,11.120999999999999,28.995,1.84e-19,2529.915,3.0,5039.830566,Low_Frequency_Burst,5.657
40726,12.055,10.047,2.97e-20,1028.519,1.5,2041.813354,Low_Frequency_Burst,11.314
11872,11.120999999999999,24.131,1.6000000000000002e-19,3579.105,3.0,7138.209961,Low_Frequency_Burst,5.657
77139,11.120999999999999,36.711,2.3999999999999997e-19,716.699,3.5,1413.3985599999999,Low_Frequency_Burst,11.314
27757,12.481,21.307,7.76e-20,1921.808,3.0,3823.615723,Low_Frequency_Burst,11.314
17672,11.120999999999999,9.76,5.66e-20,1153.388,1.1909999999999998,2286.776611,Low_Frequency_Burst,5.657
109352,12.481,46.195,2.0200000000000001e-19,3237.0690000000004,7.684,6454.137695,Low_Frequency_Burst,22.627
154674,10.322000000000001,9.285,1.59e-19,3980.241,3.5,7940.48291,Low_Frequency_Burst,11.314
123259,10.609000000000002,8.467,8.65e-20,12.647,0.375,5.29479,Low_Frequency_Burst,11.314
188623,12.239,8.354,3.18e-20,3002.085,2.75,5988.947265999999,Low_Frequency_Burst,11.314
38065,11.120999999999999,13.965,8.849999999999999e-20,3487.812,2.5,6955.623047,Low_Frequency_Burst,5.657
88944,12.84,11.982999999999999,5.070000000000001e-20,3304.884,3.591,6590.902344,Low_Frequency_Burst,22.627
163600,11.319,11.595999999999998,5.38e-20,3877.68,2.5780000000000003,7740.13623,Low_Frequency_Burst,22.627
95457,12.055,18.782,4.74e-20,17.923,3.0,20.622270999999998,Low_Frequency_Burst,22.627
147552,10.609000000000002,20.750999999999998,2.2399999999999997e-19,16.697,3.5,13.39305,Low_Frequency_Burst,22.627
119307,11.715,36.843,2.2300000000000004e-19,301.998,4.0,583.995789,Low_Frequency_Burst,22.627
14681,11.120999999999999,13.805,7.519999999999999e-20,14.458,0.75,8.915389999999999,Low_Frequency_Burst,5.657
64069,11.120999999999999,11.404000000000002,7.570000000000001e-20,1928.598,1.8130000000000002,3837.195068,Low_Frequency_Burst,5.657
67932,11.715,52.723,3.16e-19,3130.492,4.5,6240.983886999999,Low_Frequency_Burst,22.627
55626,11.120999999999999,8.091000000000001,4.67e-20,12.647,0.188,5.29479,Low_Frequency_Burst,5.657
46225,12.32,22.726,5.1100000000000005e-20,2485.4429999999998,3.5,4955.662109000001,Low_Frequency_Burst,22.627
174607,10.995999999999999,8.157,4.53e-20,1554.911,1.01,3089.82251,Low_Frequency_Burst,22.627
202564,39.789,7.7170000000000005,5.91e-23,45.535,0.063,44.284649,Blip,5.657
84886,217.74099999999999,57.217,2.13e-22,1602.475,0.563,3158.163086,Blip,5.657
54627,142.363,9.743,3.58e-23,262.85200000000003,0.094,390.349457,Blip,5.657
28999,142.363,8.925,3.3e-23,183.572,0.023,231.788467,Blip,5.657
194617,39.789,9.31,6.890000000000001e-23,53.54600000000001,0.25,60.305381999999994,Blip,5.657
95356,269.285,9.436,3.51e-23,280.769,0.012,354.515533,Blip,5.657
194047,60.857,16.895,8.549999999999999e-23,69.53699999999999,0.75,116.95673400000001,Blip,5.657
35985,75.263,15.126,7.540000000000001e-23,135.53799999999998,0.21899999999999997,213.21461499999998,Blip,5.657
53823,217.74099999999999,13.897,5.1500000000000003e-23,2216.45,0.125,4300.37793,Blip,5.657
43488,269.285,33.161,1.24e-22,547.429,0.43799999999999994,1048.072388,Blip,5.657
118509,269.285,68.762,2.3e-22,3910.303,0.935,7782.774901999999,Blip,5.657
113570,115.113,10.08,4.15e-23,1716.896,0.053,3345.294189,Blip,5.657
124730,217.74099999999999,13.414000000000001,4.96e-23,305.35,0.375,522.202942,Blip,5.657
38726,115.113,15.645,6.33e-23,164.19799999999998,0.21899999999999997,270.535492,Blip,5.657
140918,49.208,7.513,4.64e-23,56.315,0.031,54.76775,Blip,5.657
141511,71.548,8.612,3.57e-23,88.083,0.375,71.24968,Blip,5.657
47920,269.285,43.208999999999996,1.42e-22,833.857,0.5,1609.8530269999999,Blip,5.657
194842,75.263,17.836,7.74e-23,3585.802,0.5,7124.816895,Blip,5.657
110964,39.789,9.229,1.11e-22,165.69,0.125,284.593231,Blip,5.657
125777,269.285,7.853,2.9400000000000003e-23,347.233,0.008,438.43679800000007,Blip,5.657
58268,176.063,30.079,1.1200000000000001e-22,364.73699999999997,0.313,671.612122,Blip,5.657
26826,269.285,22.991999999999997,8.77e-23,2848.512,0.149,5608.525879,Blip,5.657
60615,47.123999999999995,8.35,5.97e-23,63.696999999999996,0.047,72.26164200000001,Blip,5.657
39826,269.285,43.336999999999996,1.63e-22,837.2810000000001,0.375,1603.004517,Blip,5.657
97904,49.208,7.899,5.06e-23,56.315,0.039,54.76775,Blip,5.657
53608,75.263,18.426,9.5e-23,294.922,0.5,543.058777,Blip,5.657
70412,75.263,10.011000000000001,5.37e-23,167.623,0.188,263.686981,Blip,5.657
52027,115.113,8.56,3.0600000000000003e-23,4009.08,0.303,7882.805176000001,Blip,5.657
98893,60.857,19.362000000000002,1.27e-22,648.93,0.5,1260.029541,Blip,5.657
96060,58.396,8.026,4.06e-23,3876.866,3.0,7741.763184,Blip,5.657
27650,170.65400000000002,10.296,3.9700000000000003e-23,310.084,0.023,490.155029,Blip,5.657
109246,39.789,8.477,6.700000000000001e-23,3839.538,0.605,7632.289551000001,Blip,5.657
137957,32.173,7.635,8.520000000000001e-23,53.661,0.094,60.536719999999995,Blip,5.657
30920,75.263,9.411,4.99e-23,138.96200000000002,0.375,206.366104,Blip,5.657
141481,60.857,10.265999999999998,5.31e-23,78.473,0.406,99.084312,Blip,5.657
127462,49.208,9.116,5.49e-23,63.452,0.094,80.118561,Blip,5.657
47252,93.079,22.346999999999998,9.79e-23,132.769,1.875,218.75222799999997,Blip,5.657
45518,142.363,8.154,3.3500000000000004e-23,3384.1290000000004,0.152,6600.861816,Blip,5.657
40077,49.208,13.585999999999999,1.2100000000000002e-22,90.85600000000001,0.375,134.92576599999998,Blip,5.657
65060,115.113,11.114,3.8500000000000003e-23,294.922,0.094,543.058777,Blip,5.657
55876,75.263,13.341,7.520000000000001e-23,132.769,0.25,218.75222799999997,Blip,5.657
82110,49.208,8.722999999999999,5.2399999999999996e-23,53.54600000000001,0.07,60.305381999999994,Blip,5.657
98057,62.458999999999996,8.395,4.9799999999999996e-23,64.089,0.063,39.680901,Blip,5.657
191508,39.789,7.875,6.23e-23,45.535,0.078,44.284649,Blip,5.657
135006,39.789,8.884,7.31e-23,63.452,0.125,80.118561,Blip,5.657
134841,49.208,12.755999999999998,8.029999999999999e-23,63.452,0.188,80.118561,Blip,5.657
77748,411.865,13.385,4.79e-23,861.2410000000001,0.023,1555.085327,Blip,5.657
74793,49.208,9.092,5.46e-23,2761.933,0.15,5477.080566,Blip,5.657
28975,217.74099999999999,12.349,4.0399999999999994e-23,305.35,0.094,522.202942,Blip,5.657
62513,47.123999999999995,9.607999999999999,9.67e-23,294.225,0.5,521.873535,Blip,5.657
201680,333.03,8.993,3.0399999999999996e-23,3986.938,0.354,7927.089844,Repeating_Blips,5.657
102166,115.113,15.864,6.35e-23,297.691,0.125,537.521118,Repeating_Blips,5.657
141858,142.363,59.743,2.39e-22,1935.2939999999999,0.75,3823.8020020000004,Repeating_Blips,5.657
199524,39.789,8.362,6.46e-23,1779.082,0.501,3511.3774409999996,Repeating_Blips,5.657
140004,142.363,10.696,4.03e-23,240.71,0.375,434.63409400000006,Repeating_Blips,5.657
169777,58.396,12.112,9.359999999999999e-23,194.541,0.547,333.94989,Repeating_Blips,5.657
201358,333.03,22.239,7.62e-23,674.248,0.875,1301.710693,Repeating_Blips,5.657
86865,142.363,30.449,1.18e-22,444.885,0.625,842.9829710000001,Repeating_Blips,5.657
101080,269.285,55.321999999999996,2.07e-22,1025.056,0.96,2003.325195,Repeating_Blips,5.657
157833,269.285,14.405999999999999,5.429999999999999e-23,1293.232,0.094,2451.1091309999997,Repeating_Blips,5.657
203569,60.857,23.349,1.46e-22,1076.522,1.25,2122.455566,Repeating_Blips,11.314
189643,176.063,11.005999999999998,4.53e-23,460.55,0.094,811.652527,Repeating_Blips,5.657
125616,111.12799999999999,9.375,4.07e-23,172.09400000000002,0.047,239.272064,Repeating_Blips,5.657
179456,217.74099999999999,68.82,2.57e-22,2085.331,0.625,4123.875,Repeating_Blips,5.657
198628,217.74099999999999,31.807,1.2199999999999999e-22,2086.817,1.125,4126.847168,Repeating_Blips,5.657
167031,60.857,14.645,9.650000000000001e-23,161.43,1.063,276.07312,Repeating_Blips,5.657
166163,176.063,14.145999999999999,4.5399999999999993e-23,442.60699999999997,1.5,847.538879,Repeating_Blips,5.657
127289,142.363,37.759,1.45e-22,292.684,1.25,547.536438,Repeating_Blips,5.657
174210,93.079,32.371,1.46e-22,1291.302,0.563,2535.817627,Repeating_Blips,5.657
184723,217.74099999999999,9.395,3.0600000000000003e-23,3986.677,1.25,7927.61084,Repeating_Blips,5.657
148243,115.113,19.585,8.259999999999999e-23,553.622,0.531,1035.686157,Repeating_Blips,5.657
188600,115.113,26.901,1.08e-22,3989.7070000000003,0.5,7921.552245999999,Repeating_Blips,5.657
142437,115.113,10.238999999999999,4.1899999999999995e-23,1625.719,0.077,3141.990234,Repeating_Blips,5.657
195609,75.263,12.739,7.359999999999999e-23,194.636,1.0,351.440704,Repeating_Blips,5.657
92001,142.363,14.335,5.31e-23,246.755,1.0,422.543304,Repeating_Blips,5.657
157306,176.063,34.864000000000004,1.2199999999999999e-22,3497.277,0.513,6936.692383,Repeating_Blips,5.657
94639,324.754,15.823,6.03e-23,361.06199999999995,0.5,653.803711,Repeating_Blips,5.657
202297,411.865,25.631,9.25e-23,2381.992,0.53,4718.241211,Repeating_Blips,5.657
186682,49.208,17.557000000000002,1.39e-22,159.191,1.0,280.55078100000003,Repeating_Blips,5.657
127992,115.113,9.374,4.46e-23,167.623,0.078,263.686981,Repeating_Blips,5.657
186732,49.208,17.557000000000002,1.39e-22,159.191,1.0,280.55078100000003,Repeating_Blips,5.657
107645,217.74099999999999,13.415,4.99e-23,1154.71,0.625,2262.634521,Repeating_Blips,5.657
94845,176.063,10.695,3.99e-23,368.161,0.02,664.7636719999999,Repeating_Blips,5.657
201568,60.857,11.052999999999999,7.11e-23,164.19799999999998,0.375,270.535492,Repeating_Blips,5.657
143659,402.439,19.416,6.74e-23,3809.972,1.3430000000000002,7602.03418,Repeating_Blips,5.657
190124,111.12799999999999,35.900999999999996,1.46e-22,618.934,1.75,1193.378418,Repeating_Blips,5.657
107070,60.857,23.45,1.42e-22,1626.057,1.0,3214.282715,Repeating_Blips,5.657
85628,217.74099999999999,10.389000000000001,3.3999999999999995e-23,199.643,0.047,341.425415,Repeating_Blips,5.657
174258,115.113,16.575,6.84e-23,196.875,0.625,346.963043,Repeating_Blips,5.657
200261,142.363,7.625,2.8200000000000004e-23,563.094,0.039,1016.741882,Repeating_Blips,5.657
87146,39.789,8.36,9.359999999999999e-23,39.058,0.125,31.33045,Repeating_Blips,5.657
146598,170.65400000000002,13.012,4.71e-23,2726.833,0.332,5398.532715,Repeating_Blips,5.657
137238,75.263,10.365,4.61e-23,594.373,0.813,1150.915039,Repeating_Blips,5.657
136292,75.263,22.703000000000003,1.1400000000000002e-22,2636.031,1.0,5234.22998,Repeating_Blips,5.657
152282,93.079,29.554000000000002,1.3e-22,1025.056,0.625,2003.325195,Repeating_Blips,5.657
178596,217.74099999999999,16.201,6.22e-23,372.39599999999996,0.156,656.293945,Repeating_Blips,5.657
195964,618.006,7.98,3.27e-23,488.121,0.006,728.8262940000001,Repeating_Blips,5.657
139397,411.865,16.573,5.81e-23,3814.423,1.5,7592.732422,Repeating_Blips,5.657
165922,333.03,20.555,6.84e-23,3679.6940000000004,1.359,7328.797852,Repeating_Blips,5.657
167531,142.363,11.419,3.89e-23,3441.329,0.08900000000000001,6794.159668000001,Repeating_Blips,5.657
170578,1193.54,8.558,5.799999999999999e-23,3649.0029999999997,2.8710000000000004,7167.991698999999,Wandering_Line,45.255
189173,1183.579,10.158999999999999,7.46e-23,4007.2790000000005,5.178,7886.407715,Wandering_Line,45.255
124519,729.8710000000001,8.933,4.31e-23,1816.4089999999999,0.768,2541.927002,Wandering_Line,45.255
195766,978.541,11.253,6.72e-23,4000.138,4.121,7900.688477,Wandering_Line,45.255
86820,1183.579,8.465,5.880000000000001e-23,3978.553,3.878,7943.859375,Wandering_Line,45.255
163721,718.926,11.399000000000001,1.08e-22,3577.322,6.881,6670.353515999999,Wandering_Line,45.255
180634,1336.987,7.975,6.16e-23,1569.234,0.6409999999999999,2891.052979,Wandering_Line,45.255
166338,843.48,45.008,2.4200000000000003e-22,3986.631,2.609,7927.70459,Wandering_Line,45.255
192053,1778.95,19.154,2.0600000000000001e-22,1833.1370000000002,0.469,2533.37085,Wandering_Line,45.255
84660,843.48,19.938,1.0899999999999999e-22,1598.769,0.203,2064.633789,Wandering_Line,22.627
189148,969.33,9.865,5.91e-23,3719.13,2.437,7165.202637,Wandering_Line,45.255
160121,1588.309,46.659,4.81e-22,4166.880999999999,1.276,7417.708008,Wandering_Line,45.255
155975,287.344,118.105,4.67e-22,3986.938,5.607,7927.089844,Wandering_Line,45.255
190547,825.3610000000001,9.287,4.9100000000000004e-23,3984.217,2.548,7932.532227,Wandering_Line,45.255
136419,1778.95,28.854,2.9299999999999997e-22,1863.233,0.247,2473.178955,Wandering_Line,45.255
165874,366.918,7.937,1.2e-22,352.79699999999997,0.141,45.78376,Wandering_Line,45.255
77971,851.485,46.653999999999996,2.64e-22,3090.764,0.489,5069.271973,Wandering_Line,45.255
149957,1098.858,27.773000000000003,2.79e-22,3993.131,7.649,7914.703613,Wandering_Line,45.255
192265,718.346,40.865,1.98e-22,2136.335,0.848,3394.562256,Wandering_Line,45.255
194515,873.553,9.624,5.0799999999999994e-23,1913.9260000000002,2.6860000000000004,3555.985352,Wandering_Line,45.255
204219,570.757,7.569,3.0499999999999997e-23,3978.972,3.4610000000000003,7943.022461,Wandering_Line,45.255
52544,729.8710000000001,11.398,5.76e-23,4013.184,5.072,7874.597168000001,Wandering_Line,45.255
164900,1245.183,10.0,1.79e-22,3368.51,3.373,5998.066406,Wandering_Line,45.255
95888,565.384,12.052999999999999,5.2e-23,3984.4109999999996,5.5520000000000005,7932.144043000001,Wandering_Line,45.255
165598,702.775,8.714,4.2600000000000004e-23,4001.895,7.946000000000001,7897.175293000001,Wandering_Line,22.627
198476,835.55,25.834,1.39e-22,3986.508,4.2010000000000005,7927.950195,Wandering_Line,45.255
137014,1216.3319999999999,8.912,6.97e-23,3748.8740000000003,2.363,7244.489745999999,Wandering_Line,45.255
111497,1251.338,10.285,7.209999999999999e-23,3884.268,5.5,7726.960937999999,Wandering_Line,45.255
123156,718.346,55.119,2.7e-22,1482.256,0.789,2048.457764,Wandering_Line,45.255
154705,952.898,7.558,5.46e-23,1645.934,0.125,2280.72876,Wandering_Line,45.255
177487,716.195,9.971,4.6799999999999994e-23,4036.002,3.2030000000000003,7828.960448999999,Wandering_Line,45.255
205761,29.215999999999998,10.634,2.0999999999999998e-22,31.329,0.5,24.63978,Wandering_Line,45.255
157197,849.115,10.02,6.17e-23,3960.7709999999997,6.391,7829.743651999999,Wandering_Line,45.255
104289,1216.3319999999999,8.357999999999999,6.520000000000001e-23,3978.7690000000002,3.057,7943.428223000001,Wandering_Line,45.255
127214,935.8389999999999,31.683000000000003,1.95e-22,2115.4829999999997,1.305,4063.56958,Wandering_Line,45.255
166987,1251.338,9.899,7.540000000000001e-23,3964.05,3.495,7823.184081999999,Wandering_Line,45.255
136153,340.244,10.557,3.7100000000000003e-23,3978.844,4.668,7943.276855,Wandering_Line,45.255
195856,1327.3629999999998,12.181,2.03e-22,2555.735,2.353,4370.756836,Wandering_Line,45.255
196953,490.60400000000004,8.964,3.65e-23,3910.4240000000004,2.072,7782.164062999999,Wandering_Line,45.255
138727,1193.54,12.455,8.959999999999999e-23,4036.002,3.75,7828.960448999999,Wandering_Line,45.255
174218,843.48,13.793,7.75e-23,891.565,0.25,867.07666,Wandering_Line,45.255
138902,1226.149,8.547,5.979999999999999e-23,3978.844,2.642,7943.276855,Wandering_Line,22.627
172637,696.159,8.547,3.8500000000000003e-23,4079.724,0.784,7336.048828,Wandering_Line,45.255
173511,1248.535,7.501,5.58e-23,3658.191,0.47200000000000003,6878.550781,Wandering_Line,45.255
190385,1183.579,11.248,8.659999999999999e-23,3978.7690000000002,6.507999999999999,7943.428223000001,Wandering_Line,45.255
165811,1160.151,9.849,6.75e-23,3978.2009999999996,10.5,7944.563965,Wandering_Line,45.255
113216,927.04,14.173,8.170000000000001e-23,2981.992,0.49200000000000005,4831.081055,Wandering_Line,22.627
35700,1327.3629999999998,26.993000000000002,3.15e-22,3989.7070000000003,2.938,7921.552245999999,Wandering_Line,45.255
188759,1111.715,8.701,1.44e-22,2101.986,0.8540000000000001,3463.259521,Wandering_Line,45.255
202130,1192.246,8.515,1.51e-22,2145.821,0.425,3375.588379,Wandering_Line,5.657
207283,1191.555,11.364,7.520000000000001e-23,3967.197,0.12,6533.308105,Violin_Mode,5.657
179629,1313.622,7.8229999999999995,8.02e-23,1834.731,0.115,1936.710693,Violin_Mode,45.255
158420,963.4789999999999,11.934000000000001,6.55e-23,1536.4679999999998,0.02,1940.0332030000002,Violin_Mode,5.657
108964,39.789,28.563000000000002,3.38e-22,1559.369,1.258,3080.907227,Violin_Mode,5.657
193830,24.264,8.346,2.55e-22,3910.303,0.75,7782.774901999999,Violin_Mode,11.314
195469,1065.326,18.791,1.1200000000000001e-22,4258.467000000001,0.305,7384.030762,Violin_Mode,5.657
107386,115.113,10513.286,3.8299999999999996e-20,3980.241,7.898,7940.48291,Violin_Mode,45.255
171263,27.308000000000003,10.394,2.15e-22,2835.845,1.75,5633.859375,Violin_Mode,11.314
202937,26.685,7.772,1.38e-22,3984.699,0.75,7931.567383,Violin_Mode,11.314
167642,514.117,7.7829999999999995,4.85e-23,497.591,0.109,117.074509,Violin_Mode,45.255
188946,39.789,8.619,7.93e-23,2382.2529999999997,0.21899999999999997,4717.720215,Violin_Mode,5.657
113892,60.857,9.064,4.9700000000000007e-23,75.704,0.125,104.621933,Violin_Mode,5.657
175797,49.208,8.888,6.15e-23,63.192,0.281,80.639801,Violin_Mode,5.657
186583,1119.088,9.043,6.250000000000001e-23,1446.547,0.02,1160.342163,Violin_Mode,22.627
163060,30.734,7.501,1.0300000000000001e-22,3986.615,4.966,7927.736816,Violin_Mode,5.657
138469,30.288,9.252,1.23e-22,3681.5040000000004,2.0469999999999997,7325.177245999999,Violin_Mode,11.314
198984,1191.555,17.925,1.15e-22,1536.4679999999998,0.031,1940.0332030000002,Violin_Mode,5.657
185463,1198.978,12.89,8.23e-23,1603.514,0.023,1805.942139,Violin_Mode,11.314
199781,1192.246,8.546,6.039999999999999e-23,1024.921,0.21100000000000002,2003.594604,Violin_Mode,11.314
207277,1192.246,9.883,6.640000000000001e-23,4408.429,0.358,7084.106934,Violin_Mode,11.314
153499,24.264,8.068,2.04e-22,566.727,0.805,1095.623657,Violin_Mode,5.657
190555,1119.088,7.841,4.9799999999999996e-23,1012.823,0.008,624.560974,Violin_Mode,22.627
198848,24.802,7.644,1.6e-22,30.141,0.75,24.38106,Violin_Mode,11.314
176028,1198.978,12.248,8.27e-23,1363.63,0.02,1326.175415,Violin_Mode,11.314
185790,24.802,8.384,2.2800000000000004e-22,3882.849,1.75,7729.797363,Violin_Mode,11.314
116786,1743.3120000000001,13.607000000000001,1.3e-22,1564.3970000000002,0.188,3070.8520510000003,Violin_Mode,11.314
198406,963.4789999999999,12.304,6.770000000000001e-23,4184.071,0.193,7235.238281,Violin_Mode,5.657
158189,946.572,7.9239999999999995,4.3e-23,1012.823,0.012,624.560974,Violin_Mode,11.314
203819,32.173,10.237,1.31e-22,1184.7730000000001,1.051,2331.71582,Violin_Mode,5.657
204697,985.9639999999999,12.964,7.609999999999999e-23,3310.079,1.25,6577.396973,Violin_Mode,11.314
206144,30.686999999999998,33.521,4.23e-22,3881.117,2.0,7733.262695,Violin_Mode,5.657
192169,11.120999999999999,8.79,3.0700000000000002e-21,3980.241,0.5720000000000001,7940.48291,Violin_Mode,45.255
194905,32.173,7.511,9.340000000000001e-23,3732.586,0.5,7418.385254000001,Violin_Mode,5.657
168422,49.208,9.798,7.95e-23,379.45300000000003,0.063,712.119141,Violin_Mode,5.657
163698,1944.8120000000001,15.292,1.7699999999999999e-22,3986.599,1.351,7927.768066,Violin_Mode,45.255
121882,1857.276,9.14,8.77e-23,2561.499,0.19,5077.254395,Violin_Mode,22.627
146558,1198.978,9.474,6.49e-23,1026.286,0.063,2000.864502,Violin_Mode,5.657
201029,963.4789999999999,8.618,4.6799999999999994e-23,4288.139,0.07200000000000001,7175.192383,Violin_Mode,5.657
195755,39.789,11.354000000000001,8.6e-23,60.784,0.21899999999999997,85.454712,Violin_Mode,5.657
206637,24.264,8.779,2.5799999999999997e-22,27.346999999999998,1.5,16.8638,Violin_Mode,11.314
164903,1119.088,7.562,5.0200000000000003e-23,1072.943,0.064,1131.681885,Violin_Mode,11.314
170483,27.308000000000003,8.786,1.7799999999999998e-22,1899.558,1.5,3761.2856450000004,Violin_Mode,5.657
195973,30.734,7.632000000000001,1.2800000000000001e-22,3986.938,1.574,7927.089844,Violin_Mode,11.314
197697,30.734,7.632999999999999,1.26e-22,3817.091,0.866,7587.396484000001,Violin_Mode,11.314
196019,32.173,12.52,1.45e-22,59.403,1.125,88.216827,Violin_Mode,5.657
147688,879.14,8.295,1.06e-22,2200.034,0.525,3267.163818,Violin_Mode,45.255
135102,779.059,8.248,5.61e-23,2136.335,1.067,3394.562256,Violin_Mode,5.657
165256,963.4789999999999,7.6979999999999995,6.46e-23,1169.663,0.069,938.2408449999999,Violin_Mode,5.657
191504,31.386,7.693,1.32e-22,3683.458,0.59,7322.425781,Violin_Mode,11.314
147635,1050.42,9.645,5.770000000000001e-23,3346.845,0.145,5292.604492,Violin_Mode,11.314
108428,27.9,7.715,1.43e-22,28.203000000000003,0.25,11.91542,None_of_the_Above,11.314
87237,39.789,11.395999999999999,9.390000000000001e-23,60.784,0.188,85.454712,None_of_the_Above,11.314
166895,49.208,8.196,5.0200000000000003e-23,53.54600000000001,0.078,60.305381999999994,None_of_the_Above,5.657
188355,262.065,868.698,3.26e-21,3002.085,6.5,5988.947265999999,None_of_the_Above,5.657
191587,44.288000000000004,8.163,6.24e-23,51.728,0.188,31.89852,None_of_the_Above,11.314
134772,39.789,8.568,6.36e-23,43.297,0.375,48.762321,None_of_the_Above,5.657
180361,49.208,8.232999999999999,7e-23,48.303999999999995,0.125,38.747021000000004,None_of_the_Above,5.657
85206,39.02,7.9879999999999995,6.909999999999999e-23,39.543,0.313,13.875520000000002,None_of_the_Above,11.314
124392,24.264,8.691,2.2400000000000002e-22,3947.325,1.8619999999999999,7856.819823999999,None_of_the_Above,11.314
111329,38.93,8.129,6.799999999999999e-23,561.081,0.188,1064.301392,None_of_the_Above,11.314
172274,92.494,14.87,5.89e-23,3981.425,7.563,7938.115723000001,None_of_the_Above,45.255
62385,34.59,8.843,1.0300000000000001e-22,143.037,0.43799999999999994,239.288025,None_of_the_Above,5.657
161385,39.789,8.01,7.58e-23,53.54600000000001,0.063,60.305381999999994,None_of_the_Above,5.657
63849,39.717,8.055,1.0300000000000001e-22,3914.5359999999996,1.063,7773.94043,None_of_the_Above,11.314
159918,39.02,9.272,1.04e-22,3888.3390000000004,1.25,7718.817383,None_of_the_Above,11.314
77937,35.306,8.646,1.0100000000000001e-22,3526.45,0.5,7008.410645,None_of_the_Above,11.314
104781,30.734,8.315,1.2e-22,33.821,0.188,20.85581,None_of_the_Above,11.314
80638,38.93,9.087,7.1e-23,42.867,1.063,49.6208,None_of_the_Above,5.657
180919,39.789,10.154,8.4e-23,53.285,0.5,60.826618,None_of_the_Above,5.657
64505,30.734,8.308,1.3400000000000002e-22,33.56,0.25,21.37705,None_of_the_Above,11.314
149639,27.308000000000003,7.861000000000001,1.49e-22,3747.5840000000003,0.263,7457.336914,None_of_the_Above,11.314
82815,34.59,9.308,1.1e-22,53.54600000000001,0.313,60.305381999999994,None_of_the_Above,11.314
115950,27.308000000000003,8.064,1.57e-22,27.346999999999998,0.5,16.8638,None_of_the_Above,5.657
142713,35.306,7.86,1.1200000000000001e-22,3940.833,1.5,7869.617187999999,None_of_the_Above,11.314
140455,30.288,11.819,1.69e-22,36.819,1.156,35.808121,None_of_the_Above,11.314
80965,39.789,10.815999999999999,8.659999999999999e-23,51.306999999999995,0.25,64.783051,None_of_the_Above,5.657
205045,39.789,8.287,7.540000000000001e-23,240.71,0.204,434.63409400000006,None_of_the_Above,5.657
120378,39.789,7.801,6.69e-23,45.535,0.125,44.284649,None_of_the_Above,5.657
78081,32.173,7.8660000000000005,8.709999999999999e-23,38.798,0.25,31.851681,None_of_the_Above,5.657
98116,34.59,7.968999999999999,9.59e-23,41.827,0.188,25.792820000000003,None_of_the_Above,11.314
127550,27.9,7.87,1.37e-22,28.203000000000003,0.156,11.91542,None_of_the_Above,11.314
144578,30.734,11.002,1.57e-22,3583.563,1.061,7129.294434,None_of_the_Above,11.314
167749,28.43,10.634,1.7e-22,36.819,1.375,35.808121,None_of_the_Above,11.314
186065,37.495,9.412,9.990000000000001e-23,40.012,0.5,24.89208,None_of_the_Above,11.314
91069,24.763,7.5729999999999995,1.97e-22,1921.9279999999999,0.611,3807.9548340000006,None_of_the_Above,5.657
166329,24.264,7.54,1.7099999999999998e-22,645.441,0.188,1253.050293,None_of_the_Above,11.314
79211,32.173,7.906000000000001,8.76e-23,38.798,0.094,31.851681,None_of_the_Above,5.657
119758,39.789,8.293,6.34e-23,45.275,0.188,44.805889,None_of_the_Above,5.657
168098,39.789,8.36,6.53e-23,45.535,0.063,44.284649,None_of_the_Above,5.657
167408,28.43,7.921,1.35e-22,27.805999999999997,0.25,17.780331,None_of_the_Above,11.314
184440,39.789,10.407,8.12e-23,53.285,0.25,60.826618,None_of_the_Above,5.657
203124,27.9,9.91,2.39e-22,694.882,1.133,1348.189209,None_of_the_Above,11.314
114033,24.763,7.591,1.62e-22,3410.143,0.175,6784.384276999999,None_of_the_Above,5.657
147050,30.734,8.059,1.04e-22,3706.425,0.76,7371.066406,None_of_the_Above,11.314
136977,38.93,9.301,8.729999999999999e-23,3885.571,0.39799999999999996,7724.35498,None_of_the_Above,11.314
176243,34.59,9.07,9.959999999999999e-23,553.5409999999999,0.855,1061.338501,None_of_the_Above,11.314
124369,39.789,7.755,6.079999999999999e-23,3986.938,0.602,7927.089844,None_of_the_Above,5.657
161223,38.93,12.227,1.13e-22,45.535,1.375,44.284649,None_of_the_Above,11.314
195065,24.264,9.647,2.49e-22,2783.986,1.0,5537.383301,None_of_the_Above,11.314
94407,27.308000000000003,7.824,1.56e-22,3910.303,0.204,7782.774901999999,None_of_the_Above,5.657
63369,47.183,8.477,6.62e-23,45.251000000000005,0.313,18.944321,Air_Compressor,22.627
162418,41.57,9.767999999999999,7.940000000000001e-23,41.13399999999999,0.625,27.179661,Air_Compressor,11.314
109072,46.853,7.597,6.729999999999999e-23,49.486000000000004,0.875,10.474639999999999,Air_Compressor,45.255
166800,54.373999999999995,11.110999999999999,6.420000000000001e-23,1166.278,1.156,2260.997314,Air_Compressor,22.627
119570,44.288000000000004,8.729,6.520000000000001e-23,3949.5640000000003,5.231,7852.342285,Air_Compressor,22.627
196811,53.553999999999995,8.404,6.079999999999999e-23,3825.532,0.813,7570.514648,Air_Compressor,22.627
110098,44.288000000000004,10.552,7.76e-23,3910.8790000000004,8.5,7781.621581999999,Air_Compressor,11.314
118574,43.553999999999995,7.693,6.039999999999999e-23,45.71,0.5,18.02779,Air_Compressor,45.255
142283,41.57,7.662999999999999,8.68e-23,2766.539,0.625,5467.868164,Air_Compressor,22.627
141412,53.553999999999995,10.41,6.799999999999999e-23,3992.9829999999997,1.101,7914.999023,Air_Compressor,22.627
146921,47.183,9.311,5.68e-23,3989.7070000000003,0.6829999999999999,7921.552245999999,Air_Compressor,11.314
120431,41.57,7.789,7.23e-23,2343.791,0.375,4616.61377,Air_Compressor,11.314
88663,48.248999999999995,8.326,5.629999999999999e-23,2770.035,0.6,5455.820801,Air_Compressor,11.314
133640,44.288000000000004,9.212,7.11e-23,47.327,0.875,23.095699,Air_Compressor,22.627
143671,44.288000000000004,8.113999999999999,6.890000000000001e-23,653.9580000000001,1.172,1249.974243,Air_Compressor,11.314
200974,50.268,13.584000000000001,1.0100000000000001e-22,2794.2290000000003,0.7440000000000001,5516.898926,Air_Compressor,22.627
196395,49.119,10.651,1.0100000000000001e-22,123.009,3.1519999999999997,199.232574,Air_Compressor,45.255
91288,50.268,10.279000000000002,7.909999999999999e-23,3804.724,1.834,7557.965331999999,Air_Compressor,22.627
129702,41.57,7.542000000000001,7.16e-23,45.251000000000005,0.141,18.944321,Air_Compressor,11.314
193740,45.301,8.381,6.72e-23,43.298,0.188,20.019130999999998,Air_Compressor,11.314
125329,50.531000000000006,9.964,6.95e-23,2597.1220000000003,1.875,5102.817871,Air_Compressor,45.255
199865,41.57,7.787000000000001,6.5e-23,2446.887,0.625,4835.913574,Air_Compressor,22.627
182930,39.935,7.9079999999999995,7.4e-23,40.012,0.188,24.89208,Air_Compressor,11.314
90138,46.853,11.8,8.05e-23,3741.539,1.311,7400.479004000001,Air_Compressor,45.255
201705,44.288000000000004,11.642000000000001,1.1e-22,56.315,0.875,54.76775,Air_Compressor,22.627
171911,48.658,8.472999999999999,6.75e-23,49.321999999999996,1.0,5.12605,Air_Compressor,45.255
155660,57.055,12.847000000000001,8.43e-23,3713.869,1.485,7356.179198999999,Air_Compressor,22.627
184921,43.81399999999999,8.248,7.15e-23,45.251000000000005,0.125,18.944321,Air_Compressor,11.314
89282,47.298,10.49,1.1e-22,3564.0209999999997,1.625,7045.442383,Air_Compressor,45.255
129635,47.183,10.033,8.67e-23,48.303999999999995,1.5,38.747021000000004,Air_Compressor,22.627
108077,47.183,7.539,4.93e-23,1723.6860000000001,0.875,3389.5112299999996,Air_Compressor,22.627
196124,47.298,7.943,6.799999999999999e-23,48.181000000000004,1.125,3.64266,Air_Compressor,45.255
113150,41.57,7.732,7.220000000000001e-23,3955.757,0.9690000000000001,7839.956055,Air_Compressor,22.627
157692,48.2,8.213,1.2e-22,2979.472,0.875,5865.427734000001,Air_Compressor,45.255
140332,47.183,8.058,6.15e-23,2380.014,1.5,4722.197754,Air_Compressor,11.314
168739,47.183,7.711,5.81e-23,3891.616,0.7809999999999999,7712.26416,Air_Compressor,11.314
97562,51.388999999999996,9.871,8.12e-23,447.99,0.5,827.660217,Air_Compressor,22.627
69986,44.338,9.128,8.05e-23,44.04600000000001,0.625,16.53282,Air_Compressor,45.255
75765,47.183,7.666,5.2399999999999996e-23,3216.847,1.1520000000000001,6362.134765999999,Air_Compressor,22.627
173792,50.268,7.57,5.389999999999999e-23,2794.2290000000003,0.264,5516.898926,Air_Compressor,11.314
170538,41.57,10.513,1.0499999999999999e-22,47.611000000000004,1.063,40.133862,Air_Compressor,22.627
88923,44.288000000000004,9.548,8.25e-23,51.728,0.875,31.89852,Air_Compressor,22.627
93038,50.268,9.845,8.379999999999999e-23,59.739,0.75,47.91925,Air_Compressor,22.627
105512,44.288000000000004,8.416,6.95e-23,3955.757,1.092,7839.956055,Air_Compressor,22.627
141838,48.2,7.974,4.879999999999999e-23,3995.8909999999996,1.633,7909.183105,Air_Compressor,45.255
174503,44.288000000000004,9.826,6.890000000000001e-23,48.303999999999995,0.5,38.747021000000004,Air_Compressor,11.314
136854,47.298,7.784,7.870000000000001e-23,48.551,0.875,6.667910000000001,Air_Compressor,45.255
180323,44.288000000000004,8.718,6.22e-23,3356.745,0.375,6655.629395,Air_Compressor,22.627
67993,47.183,7.51,5.0799999999999994e-23,3561.26,0.33399999999999996,7050.962401999999,Air_Compressor,22.627
127237,52.581,8.683,7.32e-23,3997.366,0.622,7906.233887,Air_Compressor,22.627
97669,39.789,17.194000000000003,1.2500000000000001e-22,61.214,0.75,84.59623,Tomte,5.657
160798,39.789,17.239,1.2800000000000001e-22,61.214,0.625,84.59623,Tomte,5.657
94958,39.789,35.806,2.65e-22,105.546,1.0,180.501419,Tomte,5.657
190443,39.789,11.942,9.47e-23,53.54600000000001,0.188,60.305381999999994,Tomte,5.657
97663,49.208,16.679000000000002,1.0300000000000001e-22,3873.6279999999997,0.555,7709.42627,Tomte,5.657
98457,38.027,8.5,7.63e-23,61.036,0.094,77.582893,Tomte,5.657
61186,39.789,16.197,1.23e-22,73.465,0.375,109.099602,Tomte,5.657
47344,39.789,22.363000000000003,1.86e-22,3200.115,1.0,6369.640136999999,Tomte,5.657
158996,49.208,11.585,8.79e-23,63.452,0.188,80.118561,Tomte,5.657
105329,49.208,31.736,1.9e-22,3908.493,1.2819999999999998,7786.395508,Tomte,5.657
111948,39.789,12.765,1.02e-22,73.465,0.5,109.099602,Tomte,5.657
51134,49.208,19.995,1.23e-22,88.617,0.375,139.40344199999998,Tomte,5.657
171262,49.208,12.667,7.870000000000001e-23,2761.673,0.22699999999999998,5477.601563,Tomte,5.657
68980,39.789,17.054000000000002,1.42e-22,73.465,0.375,109.099602,Tomte,5.657
89570,39.789,12.177999999999999,1.0899999999999999e-22,1861.0,0.188,3676.25708,Tomte,5.657
139225,32.173,9.674,1.0300000000000001e-22,61.214,0.188,84.59623,Tomte,5.657
75853,49.208,14.249,8.61e-23,71.655,0.625,112.7202,Tomte,5.657
151529,38.027,10.464,8.379999999999999e-23,3873.01,0.625,7710.117676000001,Tomte,5.657
174810,58.396,9.287,4.82e-23,1129.72,0.13699999999999998,2217.865234,Tomte,5.657
51413,39.789,31.989,2.92e-22,3945.515,1.1059999999999999,7860.44043,Tomte,5.657
112365,60.857,12.283,6.6e-23,3984.699,0.363,7931.567383,Tomte,5.657
101657,39.789,14.125,1.06e-22,73.465,0.375,109.099602,Tomte,5.657
200655,39.789,10.828,8.37e-23,51.306999999999995,0.156,64.783051,Tomte,5.657
52642,39.789,16.52,1.24e-22,73.465,0.375,109.099602,Tomte,5.657
143746,49.208,11.38,7.009999999999999e-23,128.72,0.875,226.850494,Tomte,5.657
65748,49.208,17.901,1.13e-22,73.465,0.375,109.099602,Tomte,5.657
83190,39.789,19.527,1.65e-22,3947.325,0.75,7856.819823999999,Tomte,5.657
163094,39.789,9.525,7.45e-23,51.306999999999995,0.188,64.783051,Tomte,5.657
83515,39.789,13.322000000000001,1.39e-22,61.214,0.281,84.59623,Tomte,5.657
157617,75.263,9.877,3.99e-23,75.443,0.125,105.143173,Tomte,5.657
62254,39.789,18.166,1.45e-22,3814.853,0.75,7591.874023,Tomte,5.657
165906,39.789,9.655,8.13e-23,2736.077,0.28,5425.367188,Tomte,5.657
57847,39.789,16.654,1.27e-22,3947.325,0.575,7856.819823999999,Tomte,5.657
169209,38.027,10.495,8.65e-23,51.401,0.375,58.312511,Tomte,5.657
82170,39.789,19.709,1.46e-22,3947.325,1.094,7856.819823999999,Tomte,5.657
82311,39.789,20.173,1.5799999999999998e-22,3945.515,0.75,7860.44043,Tomte,5.657
128332,49.208,12.639000000000001,9.87e-23,73.465,0.125,109.099602,Tomte,5.657
178732,39.789,12.119000000000002,1.15e-22,3031.887,0.37,6025.942871,Tomte,5.657
147818,39.789,10.344000000000001,7.98e-23,2759.695,1.0,5481.558105,Tomte,5.657
55322,39.789,24.046,1.8300000000000002e-22,3947.325,1.0,7856.819823999999,Tomte,5.657
163890,39.789,10.824000000000002,8.21e-23,51.306999999999995,0.188,64.783051,Tomte,5.657
79605,39.789,27.129,2.16e-22,3004.2209999999995,1.56,5977.852539,Tomte,5.657
123869,39.789,10.216000000000001,8.220000000000001e-23,3984.699,0.5579999999999999,7931.567383,Tomte,5.657
164805,32.173,20.097,2.2e-22,71.655,1.0,112.7202,Tomte,5.657
175979,39.789,10.708,8.1e-23,75.443,0.125,105.143173,Tomte,5.657
92257,39.789,14.253,1.06e-22,1600.236,0.5,3162.6408690000003,Tomte,5.657
76249,49.208,14.527000000000001,9.69e-23,1436.319,0.875,2834.808105,Tomte,5.657
104709,32.173,29.454,3.18e-22,670.199,1.5,1309.80896,Tomte,5.657
121180,39.789,10.083,7.82e-23,53.238,0.156,60.920212,Tomte,5.657
66547,39.789,17.531,1.49e-22,3984.699,0.625,7931.567383,Tomte,5.657
126117,50.531000000000006,9.443,7.520000000000001e-23,45.251000000000005,1.875,18.944321,No_Glitch,45.255
121737,97.352,8.353,4.64e-23,76.884,0.875,58.43131999999999,No_Glitch,45.255
109127,1473.621,8.795,7.609999999999999e-23,1788.975,0.013000000000000001,1435.0195310000001,No_Glitch,5.657
183259,1518.6879999999999,10.618,8.25e-23,2085.644,0.076,2028.3571780000002,No_Glitch,5.657
63616,1518.6879999999999,7.619,6.06e-23,1549.092,0.002,955.252808,No_Glitch,11.314
160034,1349.3970000000002,10.495,7.540000000000001e-23,1446.547,0.02,1160.342163,No_Glitch,11.314
129267,1978.692,8.755,9.32e-23,1915.7939999999999,0.08199999999999999,1181.381226,No_Glitch,11.314
108250,1198.978,8.517999999999999,5.28e-23,1252.58,0.006,772.407654,No_Glitch,11.314
97643,1978.692,8.452,8.68e-23,2355.48,0.013999999999999999,1488.68457,No_Glitch,22.627
97364,118.742,18.05,1.33e-22,2090.674,6.313,4020.23291,No_Glitch,5.657
53328,1709.217,10.044,9.309999999999999e-23,1788.975,0.012,1435.0195310000001,No_Glitch,11.314
111157,49.586000000000006,7.795,7.570000000000001e-23,50.03,0.625,3.35384,No_Glitch,45.255
149356,1822.4579999999999,10.323,1.0100000000000001e-22,1983.099,0.01,2233.446533,No_Glitch,5.657
119220,47.298,7.507999999999999,6.62e-23,456.36800000000005,0.875,820.0167240000001,No_Glitch,45.255
160936,1709.217,12.788,1.1e-22,2085.644,0.016,2028.3571780000002,No_Glitch,11.314
178845,1923.649,13.133,1.31e-22,4021.3140000000003,0.096,5392.420897999999,No_Glitch,5.657
82240,13.984000000000002,7.888,2.11e-20,3087.103,2.5,6147.159668,No_Glitch,11.314
130665,97.88799999999999,7.622000000000001,3.59e-23,120.398,0.5,51.693020000000004,No_Glitch,45.255
178232,1518.6879999999999,7.747999999999999,6.57e-23,1549.092,0.002,955.252808,No_Glitch,5.657
102514,1709.217,8.133,7.529999999999999e-23,1788.975,0.01,1435.0195310000001,No_Glitch,5.657
82546,113.257,14.017999999999999,8.58e-23,3875.676,1.625,7559.291504000001,No_Glitch,11.314
79308,81.036,8.442,6.26e-23,3438.455,2.563,6727.76123,No_Glitch,5.657
136987,1923.649,12.841,1.2800000000000001e-22,2452.541,0.012,2762.150391,No_Glitch,11.314
142165,46.853,9.184,7.14e-23,66.758,1.8130000000000002,61.95697,No_Glitch,45.255
152860,94.62899999999999,14.765999999999998,8.63e-23,134.19799999999998,3.625,138.382034,No_Glitch,45.255
147494,50.056000000000004,9.152999999999999,8.47e-23,49.012,1.25,6.599310000000001,No_Glitch,22.627
85731,73.732,8.666,6.49e-23,3908.835,1.141,7677.82666,No_Glitch,5.657
80259,1857.276,9.21,8.92e-23,2579.36,0.012,2508.511963,No_Glitch,11.314
148488,1838.345,7.846,7.440000000000001e-23,1683.724,0.01,717.240051,No_Glitch,22.627
104129,11.120999999999999,7.801,2.55e-21,3905.845,0.281,7791.69043,No_Glitch,11.314
102923,94.62899999999999,14.524000000000001,7.15e-23,892.4760000000001,0.813,1614.220093,No_Glitch,22.627
176746,97.352,10.152999999999999,4.64e-23,78.492,1.875,90.43089300000001,No_Glitch,11.314
165152,1050.42,7.965,4.7800000000000004e-23,1169.663,0.012,938.2408449999999,No_Glitch,11.314
89266,1065.326,9.033999999999999,5.33e-23,1169.663,0.016,938.2408449999999,No_Glitch,5.657
192368,11.120999999999999,10.201,4.15e-21,3612.135,0.32799999999999996,7204.269531,No_Glitch,11.314
74976,50.531000000000006,9.103,7.899999999999999e-23,50.912,2.0,5.11701,No_Glitch,45.255
63765,110.678,8.859,5.76e-23,2282.17,1.25,4349.942383,No_Glitch,22.627
205044,946.572,11.081,6.120000000000001e-23,4157.1,0.21899999999999997,7181.296387,No_Glitch,5.657
154941,1192.246,9.255,6.449999999999999e-23,1686.431,0.07,1640.1088869999999,No_Glitch,5.657
113164,98.81700000000001,8.378,3.82e-23,2418.716,1.25,4644.793457,No_Glitch,5.657
127262,96.96700000000001,11.302,5.62e-23,88.215,1.875,31.81987,No_Glitch,45.255
103865,1857.276,7.8629999999999995,7.93e-23,1915.7939999999999,0.003,1181.381226,No_Glitch,11.314
47588,112.191,7.522,3.11e-23,110.62700000000001,0.375,6.3369599999999995,No_Glitch,11.314
93847,99.755,8.081,4.28e-23,197.18599999999998,0.9059999999999999,205.269455,No_Glitch,11.314
86665,92.85600000000001,10.007,6.590000000000001e-23,137.851,0.813,100.003304,No_Glitch,5.657
94187,115.42,20.06,1.2199999999999999e-22,2083.032,6.188,4113.453613000001,No_Glitch,22.627
131206,97.88799999999999,7.64,4.1100000000000003e-23,239.18,1.5630000000000002,295.49127200000004,No_Glitch,45.255
194230,1065.326,7.55,5.629999999999999e-23,1169.663,0.006,938.2408449999999,No_Glitch,11.314
157712,119.87,8.158999999999999,5.81e-23,3349.092,1.291,6462.34082,No_Glitch,45.255
106920,1743.3120000000001,8.121,7.48e-23,1915.7939999999999,0.012,1181.381226,No_Glitch,11.314
93119,18.338,9.939,1.4800000000000002e-21,3882.087,1.5,7731.321289,Low_Frequency_Lines,45.255
195671,11.319,8.748,4.17e-20,11.86,1.0,5.4838,Low_Frequency_Lines,11.314
150015,10.644,13.341,2.99e-19,190.178,2.75,360.356079,Low_Frequency_Lines,45.255
140607,10.322000000000001,9.953,1.21e-19,540.7330000000001,2.0,1061.465454,Low_Frequency_Lines,22.627
95469,11.468,13.849,1.05e-19,12.647,5.0,5.29479,Low_Frequency_Lines,45.255
198792,19.835,13.4,5.660000000000001e-21,24.073,13.5,23.41197,Low_Frequency_Lines,45.255
114651,18.595,13.950999999999999,2.5300000000000003e-21,2485.756,2.0,4940.922363000001,Low_Frequency_Lines,45.255
123866,12.950999999999999,8.804,2.13e-20,3980.241,2.0,7940.48291,Low_Frequency_Lines,45.255
189544,12.435,7.6129999999999995,2.08e-20,3905.845,2.316,7791.69043,Low_Frequency_Lines,45.255
121830,11.319,10.128,4.13e-20,14.264000000000001,1.75,10.29092,Low_Frequency_Lines,22.627
161155,11.687000000000001,8.009,6.65e-20,3700.9790000000003,4.0,7381.958495999999,Low_Frequency_Lines,22.627
199539,12.435,8.904,2.61e-20,3942.868,2.5,7865.735352,Low_Frequency_Lines,22.627
77104,19.463,8.759,2.59e-21,3059.028,2.25,6087.467285,Low_Frequency_Lines,45.255
176148,12.950999999999999,8.072000000000001,1.1599999999999998e-20,3554.862,2.015,7087.215331999999,Low_Frequency_Lines,45.255
105066,12.985,8.782,2.58e-20,3700.696,5.093999999999999,7382.525879000001,Low_Frequency_Lines,45.255
199039,13.984000000000002,8.266,1.76e-20,13.992,6.0,0.93794,Low_Frequency_Lines,45.255
164457,12.859000000000002,15.454,6.82e-20,3878.8740000000003,5.875,7737.748047,Low_Frequency_Lines,45.255
123831,10.874,9.13,8.89e-20,11.333,2.0,2.6665200000000002,Low_Frequency_Lines,22.627
102581,19.835,8.312000000000001,4.72e-21,3765.6220000000003,9.75,7493.570312999999,Low_Frequency_Lines,45.255
91691,10.644,8.943999999999999,9.7e-20,3203.9570000000003,3.5980000000000003,6387.914063,Low_Frequency_Lines,45.255
170732,12.055,17.261,4.5700000000000006e-20,2093.355,3.0,4171.486328,Low_Frequency_Lines,22.627
98114,12.055,15.069,5.1800000000000004e-20,2621.922,3.5,5228.620605,Low_Frequency_Lines,22.627
126536,12.055,16.503,5.26e-20,14.927999999999999,3.0,14.632810000000001,Low_Frequency_Lines,22.627
173460,10.322000000000001,8.15,1.0400000000000001e-19,11.333,1.5,2.6665200000000002,Low_Frequency_Lines,22.627
179873,12.368,7.66,1.8100000000000002e-20,3905.845,2.5,7791.69043,Low_Frequency_Lines,45.255
134235,18.502,36.943000000000005,4.8700000000000005e-21,3981.425,3.3710000000000004,7938.115723000001,Low_Frequency_Lines,45.255
81320,11.845999999999998,10.815999999999999,6.2e-20,3700.9790000000003,3.5,7381.958495999999,Low_Frequency_Lines,45.255
158889,12.859000000000002,14.857000000000001,4.1500000000000005e-20,3878.8740000000003,9.0,7737.748047,Low_Frequency_Lines,45.255
164108,12.435,10.113,3.77e-20,2054.348,2.5,4088.696289,Low_Frequency_Lines,45.255
112841,11.139000000000001,13.927999999999999,8.16e-20,2959.8990000000003,3.5,5904.574219,Low_Frequency_Lines,22.627
79098,10.874,11.949000000000002,1.1199999999999999e-19,11.440999999999999,3.0,2.88268,Low_Frequency_Lines,22.627
163973,10.609000000000002,56.398999999999994,7.67e-19,3810.395,11.5,7600.789551000001,Low_Frequency_Lines,22.627
165535,26.898000000000003,8.731,3.09e-22,1343.682,1.5,2635.460205,Low_Frequency_Lines,45.255
166972,27.9,8.011000000000001,1.38e-22,3978.7690000000002,3.25,7943.428223000001,Low_Frequency_Lines,45.255
136490,10.874,11.915999999999999,9.76e-20,3197.468,3.5,6374.935059,Low_Frequency_Lines,22.627
167333,20.592,7.686,6.99e-22,3705.008,1.4769999999999999,7373.901367,Low_Frequency_Lines,45.255
109721,10.874,8.479,5.88e-20,11.333,2.0,2.6665200000000002,Low_Frequency_Lines,45.255
85177,18.835,8.276,1.0499999999999999e-21,3943.78,1.25,7863.909668000001,Low_Frequency_Lines,45.255
181010,10.995999999999999,8.602,5.1199999999999996e-20,2338.785,2.0,4657.569336,Low_Frequency_Lines,22.627
78242,10.835999999999999,15.515999999999998,3.51e-19,3810.395,1.5,7600.789551000001,Low_Frequency_Lines,45.255
180480,23.511,7.626,4.549999999999999e-22,3396.68,1.2919999999999998,6748.638184,Low_Frequency_Lines,45.255
139836,12.497,7.737,1.46e-20,1025.703,2.0,2030.097656,Low_Frequency_Lines,45.255
142505,10.874,10.322000000000001,8.67e-20,1847.483,2.0,3674.9655759999996,Low_Frequency_Lines,22.627
158747,12.741,27.13,5.67e-20,3262.966,5.5,6510.708496,Low_Frequency_Lines,45.255
150941,12.055,14.002,3.8e-20,3234.283,3.0,6457.178711,Low_Frequency_Lines,22.627
159023,19.885,8.169,3.53e-21,3177.722,3.125,6320.082031,Low_Frequency_Lines,45.255
102478,11.030999999999999,10.665,6.56e-20,3980.241,3.5,7940.48291,Low_Frequency_Lines,45.255
77265,19.885,7.557,3.69e-21,1410.9620000000002,1.25,2784.2495120000003,Low_Frequency_Lines,45.255
91178,10.874,11.944,9.5e-20,3656.2529999999997,3.0,7292.506348000001,Low_Frequency_Lines,45.255
195654,11.715,12.306,4.9800000000000004e-20,3130.492,3.0,6240.983886999999,Low_Frequency_Lines,22.627
158833,49.208,8.704,5.06e-23,2827.165,0.34,5596.469238000001,Chirp,5.657
191274,411.865,24.163,8.729999999999999e-23,1564.3770000000002,0.25,3070.891846,Chirp,5.657
159003,333.03,9.359,3.9700000000000003e-23,547.429,0.313,1048.072388,Chirp,5.657
164447,93.079,12.645999999999999,5.85e-23,161.16899999999998,0.313,276.59432999999996,Chirp,5.657
193806,629.939,11.41,4.7e-23,828.85,0.43799999999999994,1619.868286,Chirp,5.657
202649,96.96700000000001,7.895,3.4299999999999996e-23,112.363,0.375,166.865524,Chirp,5.657
207401,49.208,9.683,5.79e-23,3982.889,1.125,7935.187988,Chirp,5.657
164448,93.079,12.645999999999999,5.85e-23,161.16899999999998,0.313,276.59432999999996,Chirp,5.657
112905,115.113,9.941,4.2e-23,206.632,0.078,327.448395,Chirp,5.657
189222,115.113,13.387,5.26e-23,138.96200000000002,0.313,206.366104,Chirp,5.657
136567,115.113,7.519,2.6800000000000003e-23,2750.93,0.094,5430.891602000001,Chirp,11.314
84230,115.113,16.794,6.67e-23,3430.901,0.5710000000000001,6815.015625,Chirp,5.657
198606,58.396,18.456,1.42e-22,1664.703,1.082,3274.273682,Chirp,22.627
147452,115.113,18.613,7.55e-23,245.31599999999997,0.43799999999999994,425.421967,Chirp,5.657
192924,75.263,19.994,1.1e-22,161.43,0.625,276.07312,Chirp,5.657
200139,115.113,18.905,7.58e-23,447.653,0.375,837.445374,Chirp,5.657
143434,115.113,10.244000000000002,4.0999999999999997e-23,418.522,0.129,748.545837,Chirp,5.657
153394,75.263,7.776,4.01e-23,92.03,0.188,132.57759099999998,Chirp,5.657
150267,176.063,10.484000000000002,3.86e-23,196.567,0.313,347.57785,Chirp,5.657
105825,93.079,9.05,4.1899999999999995e-23,3885.571,0.23399999999999999,7724.35498,Chirp,5.657
141726,115.113,8.906,3.1e-23,138.96200000000002,0.188,206.366104,Chirp,5.657
207245,126.931,9.785,3.2799999999999995e-23,325.075,0.094,482.75335700000005,Chirp,11.314
186621,32.882,8.562999999999999,9.369999999999999e-23,3988.4629999999997,0.5,7924.040039,Chirp,5.657
165501,35.163000000000004,9.756,1.23e-22,49.43899999999999,0.5,36.352859,Chirp,5.657
143436,115.113,10.244000000000002,4.0999999999999997e-23,418.522,0.129,748.545837,Chirp,5.657
143437,115.113,10.244000000000002,4.0999999999999997e-23,418.522,0.129,748.545837,Chirp,5.657
197985,60.857,8.665,4.2700000000000005e-23,2965.551,1.402,5893.270996,Chirp,5.657
176944,89.676,10.652000000000001,5.09e-23,138.874,0.25,193.083847,Chirp,5.657
206748,75.263,15.425,8.540000000000001e-23,1642.098,2.5,3264.196777,Chirp,5.657
150266,176.063,10.484000000000002,3.86e-23,196.567,0.313,347.57785,Chirp,5.657
142105,115.113,9.845,3.96e-23,2348.25,0.5,4638.638672,Chirp,5.657
180947,180.947,8.514,2.81e-23,3984.699,0.546,7931.567383,Chirp,11.314
185943,93.079,17.32,8.23e-23,2089.585,0.5,4121.30957,Chirp,5.657
88459,217.74099999999999,8.527999999999999,2.79e-23,3989.7070000000003,0.303,7921.552245999999,Chirp,5.657
206551,49.208,9.798,5.94e-23,109.595,0.266,172.403152,Chirp,5.657
142104,115.113,9.845,3.96e-23,2348.25,0.5,4638.638672,Chirp,5.657
185945,93.079,17.32,8.23e-23,2089.585,0.5,4121.30957,Chirp,5.657
42253,115.113,8.46,3.38e-23,169.87,0.125,259.191345,Chirp,5.657
207065,37.602,9.375,1.0899999999999999e-22,547.122,0.289,1048.6872560000002,Chirp,5.657
194070,111.12799999999999,11.375,4.82e-23,112.066,0.25,155.81163,Chirp,5.657
140502,115.113,7.902,3.19e-23,135.53799999999998,0.094,213.21461499999998,Chirp,5.657
140505,115.113,7.902,3.19e-23,135.53799999999998,0.094,213.21461499999998,Chirp,5.657
140503,115.113,7.902,3.19e-23,135.53799999999998,0.094,213.21461499999998,Chirp,5.657
55868,93.079,13.433,4.95e-23,135.53799999999998,0.25,213.21461499999998,Chirp,5.657
185944,93.079,17.32,8.23e-23,2089.585,0.5,4121.30957,Chirp,5.657
153395,75.263,7.776,4.01e-23,92.03,0.188,132.57759099999998,Chirp,5.657
196553,217.74099999999999,10.753,3.49e-23,2489.805,0.75,4932.824219,Chirp,5.657
198374,142.363,23.772,9.14e-23,726.165,0.5,1394.467773,Chirp,5.657
118921,115.113,9.514,3.36e-23,199.643,0.25,341.425415,Chirp,5.657
157791,509.36300000000006,11.526,4.35e-23,1264.9389999999999,0.16399999999999998,2483.091797,Chirp,5.657
185761,28.669,26.619,6.01e-22,1084.9180000000001,1.25,2148.2661129999997,Helix,45.255
201082,24.264,25.516,5.47e-22,3880.058,1.175,7735.380859000001,Helix,5.657
202605,47.123999999999995,17.993,1.72e-22,1014.207,1.5,1992.511963,Helix,5.657
189286,39.789,42.8,5.38e-22,3329.788,2.75,6628.986328,Helix,5.657
207416,21.559,12.838,5.4899999999999995e-22,3693.554,2.056,7356.518555,Helix,11.314
115683,49.208,25.840999999999998,1.74e-22,3982.889,5.0,7935.187988,Helix,5.657
195922,21.559,9.92,3.96e-22,236.66099999999997,1.5,442.732361,Helix,11.314
156885,26.015,8.436,1.8399999999999998e-22,3178.3390000000004,1.0,6318.847656,Helix,5.657
84049,21.264,11.937999999999999,4.98e-22,26.918000000000003,0.75,17.722281,Helix,11.314
169586,49.208,30.693,2.84e-22,236.66099999999997,1.625,442.732361,Helix,5.657
174135,39.789,42.0,3.58e-22,3982.889,1.5630000000000002,7935.187988,Helix,5.657
189287,39.789,42.8,5.38e-22,3329.788,2.75,6628.986328,Helix,5.657
172507,22.854,25.433000000000003,3.3e-21,47.042,1.75,73.313362,Helix,22.627
163578,39.789,30.65,3.53e-22,672.01,2.0,1306.188354,Helix,5.657
206875,39.789,9.068,6.790000000000001e-23,3522.695,1.5,7018.075195,Helix,5.657
133841,39.789,25.837,2.0999999999999998e-22,2624.2540000000004,1.5,5217.91748,Helix,5.657
201896,32.173,16.339000000000002,2.13e-22,442.64599999999996,1.0,847.460632,Helix,5.657
162319,60.857,55.167,2.69e-22,3982.889,2.5,7935.187988,Helix,5.657
151239,31.89,8.67,1.5e-22,40.635999999999996,0.25,23.52112,Helix,45.255
170399,32.173,9.199,1.11e-22,443.222,0.188,846.307434,Helix,5.657
200614,23.511,7.869,2.05e-22,3943.78,1.75,7863.909668000001,Helix,11.314
89605,89.676,15.177999999999999,7.37e-23,159.648,0.188,264.164154,Helix,5.657
166913,11.120999999999999,8.27,2.9799999999999998e-21,2781.3390000000004,0.25,5542.677734000001,Helix,45.255
185763,28.669,26.619,6.01e-22,1084.9180000000001,1.25,2148.2661129999997,Helix,45.255
203014,39.789,13.727,1.0499999999999999e-22,3881.5209999999997,1.5230000000000001,7732.453125,Helix,5.657
122036,75.263,14.024000000000001,8.1e-23,109.595,0.25,172.403152,Helix,11.314
195781,115.113,26.77,9.599999999999999e-23,3006.031,0.892,5974.231934,Helix,5.657
175924,32.173,20.423,2.31e-22,3426.8520000000003,2.2359999999999998,6823.11377,Helix,5.657
116257,32.173,7.6579999999999995,8.899999999999999e-23,90.595,0.25,135.44700600000002,Helix,5.657
203527,26.685,7.772,2.05e-22,29.326,0.25,12.90736,Helix,11.314
160203,21.559,23.009,1.0000000000000001e-21,825.575,1.75,1626.4165039999998,Helix,11.314
190387,39.789,78.813,5.9499999999999995e-22,3407.3509999999997,2.75,6789.967773,Helix,5.657
164724,39.789,21.116999999999997,1.6399999999999999e-22,290.873,1.0,551.1569820000001,Helix,5.657
185015,32.173,25.616999999999997,3.03e-22,3982.889,2.9360000000000004,7935.187988,Helix,5.657
203672,60.857,19.314,9.679999999999999e-23,3410.625,0.9209999999999999,6783.419434,Helix,5.657
199467,125.73299999999999,7.597,3.0399999999999996e-23,119.085,0.188,31.145940999999997,Helix,45.255
202566,21.724,7.808,3.26e-22,2819.5559999999996,1.393,5601.280761999999,Helix,11.314
199298,60.857,26.9,1.6700000000000001e-22,359.72900000000004,1.625,681.627441,Helix,5.657
205768,39.789,16.515,1.33e-22,3908.493,2.25,7786.395508,Helix,5.657
177761,39.789,16.182000000000002,1.2199999999999999e-22,3799.5009999999997,1.621,7568.411620999999,Helix,5.657
173067,38.027,7.7410000000000005,6.27e-23,440.05,0.188,824.9680179999999,Helix,5.657
146820,39.789,18.715999999999998,1.4e-22,664.9810000000001,1.0,1292.131226,Helix,5.657
179664,25.048000000000002,7.6,2.04e-22,2787.728,0.875,5529.899414,Helix,11.314
170867,43.81399999999999,22.528000000000002,1.7e-22,3908.493,4.375,7786.395508,Helix,5.657
194714,39.789,13.738,1.69e-22,2381.992,0.5,4718.241211,Helix,5.657
205252,28.43,9.209,1.53e-22,2787.775,0.75,5529.806152,Helix,5.657
161794,34.59,23.561999999999998,2.35e-22,3982.889,1.375,7935.187988,Helix,5.657
106674,217.74099999999999,11.488,4.0399999999999994e-23,3763.8509999999997,1.063,7497.112305,Helix,5.657
202066,137.711,7.906000000000001,2.7e-23,1151.671,0.39799999999999996,2259.459961,Helix,5.657
174124,333.03,31.719,1.07e-22,1557.559,1.25,3084.527832,Helix,5.657
196176,1709.217,11.944,1.11e-22,2085.644,0.016,2028.3571780000002,1400Ripples,11.314
140219,1857.276,10.321,1.0100000000000001e-22,2085.644,0.016,2028.3571780000002,1400Ripples,22.627
149108,1119.088,9.017999999999999,5.94e-23,1686.431,0.023,1640.1088869999999,1400Ripples,11.314
206321,1349.3970000000002,23.199,1.7099999999999998e-22,1900.183,0.035,2399.279785,1400Ripples,5.657
194066,146.937,8.672,3.25e-23,123.928,1.25,56.64983,1400Ripples,45.255
204769,1349.3970000000002,14.283,1.07e-22,4088.397,0.068,6775.708984000001,1400Ripples,5.657
181647,1901.031,9.882,1.0100000000000001e-22,1788.975,0.016,1435.0195310000001,1400Ripples,22.627
129362,1607.6,7.591,6.35e-23,1622.404,0.012,381.723633,1400Ripples,22.627
119962,1636.34,9.753,8.4e-23,1788.975,0.016,1435.0195310000001,1400Ripples,22.627
167873,1857.276,14.602,1.46e-22,2452.541,0.016,2762.150391,1400Ripples,11.314
132864,1270.1860000000001,15.3,1.06e-22,1686.431,0.031,1640.1088869999999,1400Ripples,22.627
137464,1191.555,11.872,7.81e-23,1603.514,0.02,1805.942139,1400Ripples,5.657
178750,1271.2830000000001,7.985,5.94e-23,1280.86,0.016,301.364227,1400Ripples,22.627
107107,1662.418,9.672,8.390000000000001e-23,1656.359,0.02,768.785583,1400Ripples,22.627
207148,1065.326,10.066,6.16e-23,1169.663,0.012,938.2408449999999,1400Ripples,11.314
198700,1349.3970000000002,10.745999999999999,7.8e-23,1363.63,0.02,1326.175415,1400Ripples,5.657
165027,1198.978,15.02,9.33e-23,3160.369,0.14400000000000002,4919.65332,1400Ripples,5.657
188873,103.596,9.817,6.55e-23,206.02900000000002,0.688,216.585495,1400Ripples,45.255
176574,1149.624,12.058,7.870000000000001e-23,1983.099,0.031,2233.446533,1400Ripples,22.627
200781,1349.3970000000002,7.547999999999999,5.2200000000000006e-23,1446.547,0.006,1160.342163,1400Ripples,5.657
132645,1270.1860000000001,12.222999999999999,9.02e-23,3558.68,0.11800000000000001,5384.60791,1400Ripples,11.314
140111,1191.555,18.904,1.2e-22,1900.183,0.027000000000000003,2399.279785,1400Ripples,5.657
196448,1191.555,8.224,5.179999999999999e-23,1446.547,0.01,1160.342163,1400Ripples,5.657
138454,1636.34,10.455,9.459999999999999e-23,1889.225,0.016,1234.519165,1400Ripples,22.627
198114,1349.3970000000002,8.414,5.82e-23,1446.547,0.018000000000000002,1160.342163,1400Ripples,11.314
148176,1777.725,8.283999999999999,7.63e-23,2045.9129999999998,0.008,921.14386,1400Ripples,45.255
158333,1607.6,10.97,9.29e-23,2085.644,0.023,2028.3571780000002,1400Ripples,22.627
183080,1198.978,17.192,1.13e-22,3110.695,0.065,4820.303711,1400Ripples,11.314
137053,1270.1860000000001,18.983,1.3599999999999998e-22,1983.099,0.027000000000000003,2233.446533,1400Ripples,11.314
152936,20.991,10.584000000000001,4.72e-22,20.207,0.5,3.8063300000000004,1400Ripples,45.255
76905,1535.932,8.791,7.340000000000001e-23,1788.975,0.01,1435.0195310000001,1400Ripples,22.627
205934,1473.621,11.859000000000002,9.3e-23,1900.183,0.023,2399.279785,1400Ripples,5.657
116642,1901.031,9.118,8.98e-23,4325.513,0.496,7249.939941,1400Ripples,45.255
141740,1270.1860000000001,13.350999999999999,9.29e-23,1686.431,0.023,1640.1088869999999,1400Ripples,22.627
131366,1405.818,13.200999999999999,1.0100000000000001e-22,1686.431,0.023,1640.1088869999999,1400Ripples,22.627
198020,1270.1860000000001,9.544,6.54e-23,1446.547,0.01,1160.342163,1400Ripples,11.314
135417,1198.978,10.03,6.22e-23,1686.431,0.016,1640.1088869999999,1400Ripples,5.657
102661,1607.6,7.792000000000001,6.609999999999999e-23,1549.092,0.012,955.252808,1400Ripples,22.627
183792,1270.1860000000001,10.003,6.790000000000001e-23,1446.547,0.016,1160.342163,1400Ripples,11.314
147623,1191.555,16.683,1.0899999999999999e-22,4325.513,0.287,7249.939941,1400Ripples,5.657
206506,1119.088,9.141,6.110000000000001e-23,1446.547,0.027000000000000003,1160.342163,1400Ripples,22.627
180874,1192.246,9.102,5.92e-23,1252.58,0.02,772.407654,1400Ripples,11.314
125032,1857.276,10.485999999999999,1.0300000000000001e-22,1788.975,0.016,1435.0195310000001,1400Ripples,22.627
143127,1270.1860000000001,9.941,6.68e-23,1446.547,0.016,1160.342163,1400Ripples,11.314
140408,1857.276,10.522,1.04e-22,4016.467,0.012,5890.002441,1400Ripples,22.627
140921,1191.555,16.899,1.08e-22,1603.514,0.027000000000000003,1805.942139,1400Ripples,5.657
117710,1857.276,19.757,1.95e-22,4238.583,0.21600000000000003,6744.413573999999,1400Ripples,22.627
165251,1349.3970000000002,15.032,1.0899999999999999e-22,1900.183,0.023,2399.279785,1400Ripples,5.657
183566,1206.63,11.357999999999999,7.609999999999999e-23,3610.958,0.057,5516.84668,1400Ripples,11.314
140534,1192.246,9.312000000000001,6.290000000000001e-23,1446.547,0.016,1160.342163,1400Ripples,22.627
161540,1451.771,7.752999999999999,8.58e-23,3237.4559999999997,2.283,6439.010742,Light_Modulation,22.627
197858,38.027,8.15,7.09e-23,3616.7529999999997,0.297,7196.547852,Light_Modulation,5.657
175952,49.208,23.668000000000003,1.57e-22,3980.241,4.238,7940.48291,Light_Modulation,5.657
97783,27.308000000000003,336.407,1.0700000000000002e-20,3810.395,4.0,7600.789551000001,Light_Modulation,11.314
160655,75.263,61.681000000000004,3.1599999999999997e-22,3001.573,2.559,5983.146973,Light_Modulation,5.657
173942,24.264,19.887,4.93e-22,541.9159999999999,1.5,1059.098145,Light_Modulation,11.314
174255,24.264,18.588,5.48e-22,3908.493,1.25,7786.395508,Light_Modulation,11.314
167011,26.015,73.967,1.4599999999999999e-21,668.7360000000001,2.0,1312.736572,Light_Modulation,5.657
202274,32.173,220.454,3.77e-21,2375.556,3.0,4731.112793,Light_Modulation,11.314
185227,49.208,7.577999999999999,4.8100000000000006e-23,56.315,0.031,54.76775,Light_Modulation,5.657
175867,32.173,21.048000000000002,2.34e-22,3881.5209999999997,1.5,7732.453125,Light_Modulation,5.657
194624,39.789,14.922,1.13e-22,827.039,1.5,1623.488892,Light_Modulation,5.657
160653,75.263,61.681000000000004,3.1599999999999997e-22,3001.573,2.559,5983.146973,Light_Modulation,5.657
175115,24.763,37.315,1.92e-21,3197.1820000000002,3.0,6379.140136999999,Light_Modulation,5.657
205710,18.338,22.818,3.6399999999999994e-21,3943.6659999999997,3.25,7863.953125,Light_Modulation,45.255
195282,24.264,24.421999999999997,5.4e-22,3981.425,1.75,7938.115723000001,Light_Modulation,11.314
205112,21.559,12.732000000000001,4.92e-22,3982.889,1.25,7935.187988,Light_Modulation,11.314
193256,26.015,372.365,7.290000000000001e-21,3980.241,3.75,7940.48291,Light_Modulation,11.314
181095,27.308000000000003,26.98,4.7e-22,3982.889,3.014,7935.187988,Light_Modulation,5.657
199725,115.113,28.180999999999997,9.84e-23,3982.889,1.75,7935.187988,Light_Modulation,5.657
124224,26.015,100.575,2.0399999999999997e-21,3702.163,2.25,7379.591309,Light_Modulation,11.314
190376,21.559,12.662,4.67e-22,236.66099999999997,1.0,442.732361,Light_Modulation,11.314
176308,32.173,445.025,8.04e-21,667.552,4.0,1315.10376,Light_Modulation,11.314
194374,24.264,15.482000000000001,3.59e-22,2196.823,1.25,4363.056152,Light_Modulation,11.314
196529,26.89,12.187999999999999,2.05e-22,32.066,0.5,26.301470000000002,Light_Modulation,5.657
194619,21.559,13.683,4.92e-22,2817.7459999999996,1.0,5604.901367,Light_Modulation,11.314
98144,411.865,82.573,2.9e-22,3980.869,2.012,7939.228026999999,Light_Modulation,5.657
158771,24.264,296.647,6.99e-21,3810.395,5.303,7600.789551000001,Light_Modulation,11.314
207282,21.559,12.265999999999998,4.4e-22,2768.071,1.25,5505.551758,Light_Modulation,11.314
195965,49.208,10.947000000000001,7.18e-23,357.91900000000004,0.5,685.2480469999999,Light_Modulation,5.657
171365,26.015,118.095,2.15e-21,3744.31,2.531,7463.884765999999,Light_Modulation,5.657
173679,32.173,70.123,8.25e-22,825.575,2.0,1626.4165039999998,Light_Modulation,5.657
198004,32.173,94.72,1.06e-21,3944.051,3.5,7863.368164,Light_Modulation,5.657
177551,24.264,19.719,4.39e-22,3881.5209999999997,1.5,7732.453125,Light_Modulation,11.314
184358,32.173,26.9,4.570000000000001e-22,2378.2039999999997,1.5,4725.818359000001,Light_Modulation,5.657
183799,24.264,20.441,4.89e-22,440.835,2.75,851.0812380000001,Light_Modulation,11.314
162427,24.264,21.811999999999998,4.86e-22,439.37199999999996,1.0,854.00885,Light_Modulation,11.314
156638,24.264,17.116,5.2e-22,357.91900000000004,1.5,685.2480469999999,Light_Modulation,11.314
200824,24.264,16.146,4.25e-22,3813.042,1.5,7595.494629000001,Light_Modulation,11.314
174823,32.173,80.161,8.689999999999999e-22,3981.425,2.3409999999999997,7938.115723000001,Light_Modulation,5.657
191363,21.559,16.562,5.75e-22,2417.201,1.5,4803.812011999999,Light_Modulation,11.314
185171,24.264,15.140999999999998,3.5700000000000003e-22,3981.425,1.339,7938.115723000001,Light_Modulation,11.314
98908,24.802,222.386,5.47e-21,3977.241,7.5,7946.48291,Light_Modulation,11.314
163793,32.173,11.847000000000001,1.23e-22,3745.7729999999997,0.5,7460.95752,Light_Modulation,5.657
160654,75.263,61.681000000000004,3.1599999999999997e-22,3001.573,2.559,5983.146973,Light_Modulation,5.657
181071,21.559,13.212,4.95e-22,3908.493,1.307,7786.395508,Light_Modulation,11.314
198505,24.264,20.480999999999998,5.180000000000001e-22,3945.515,1.617,7860.44043,Light_Modulation,11.314
163145,24.264,13.634,3.48e-22,3813.042,0.75,7595.494629000001,Light_Modulation,11.314
114037,32.173,100.45200000000001,1.18e-21,3981.425,2.377,7938.115723000001,Light_Modulation,5.657
201657,24.264,16.317999999999998,3.4300000000000003e-22,3945.515,1.25,7860.44043,Light_Modulation,11.314
159034,47.183,8.395,6.49e-23,3891.764,0.517,7711.96875,Paired_Doves,11.314
204241,24.802,8.139,1.96e-22,26.055,0.313,16.20948,Paired_Doves,11.314
205690,24.116999999999997,8.512,2.6699999999999997e-22,3410.143,0.36200000000000004,6784.384276999999,Paired_Doves,11.314
151952,26.685,9.166,1.6e-22,1790.441,1.0,3543.051514,Paired_Doves,22.627
147659,45.981,9.904,9.25e-23,3993.131,0.858,7914.703613,Paired_Doves,22.627
199414,21.264,9.065,5.439999999999999e-22,2768.071,0.875,5505.551758,Paired_Doves,22.627
174943,1270.1860000000001,9.23,6.34e-23,1252.58,0.013999999999999999,772.407654,Paired_Doves,11.314
200131,26.015,59.808,1.2099999999999998e-21,3981.425,1.7469999999999999,7938.115723000001,Paired_Doves,5.657
141658,44.288000000000004,7.6610000000000005,8.179999999999999e-23,52.187,0.188,30.981990999999997,Paired_Doves,22.627
199726,27.308000000000003,11.389000000000001,2.13e-22,31.581999999999997,1.0,25.333481,Paired_Doves,11.314
199349,41.57,11.882,9.53e-23,2016.869,1.25,3975.877197,Paired_Doves,11.314
166844,41.57,8.301,8.88e-23,40.408,0.938,22.95409,Paired_Doves,11.314
200303,21.559,12.557,5.19e-22,3982.889,2.248,7935.187988,Paired_Doves,11.314
143794,23.511,8.698,2.64e-22,26.918000000000003,0.75,17.722281,Paired_Doves,11.314
165469,27.358,9.465,2.0200000000000002e-22,3948.9440000000004,0.695,7853.397461,Paired_Doves,11.314
173732,25.048000000000002,7.754,2.9e-22,3368.22,0.313,6698.609375,Paired_Doves,11.314
194783,21.989,7.972,3.75e-22,3947.325,1.1540000000000001,7856.819823999999,Paired_Doves,11.314
205776,24.802,9.232000000000001,2.7199999999999996e-22,2344.9610000000002,0.857,4654.02002,Paired_Doves,11.314
206470,26.685,8.825,1.73e-22,2819.5559999999996,1.188,5601.280761999999,Paired_Doves,11.314
176478,27.308000000000003,7.785,1.79e-22,3883.3320000000003,0.33,7728.83252,Paired_Doves,11.314
185191,21.559,14.467,5.120000000000001e-22,2378.2039999999997,1.339,4725.818359000001,Paired_Doves,11.314
206493,32.173,80.933,8.93e-22,3981.425,2.25,7938.115723000001,Paired_Doves,5.657
205504,26.685,8.036,1.7099999999999998e-22,3838.002,0.6920000000000001,7635.360352,Paired_Doves,11.314
203680,24.264,9.684,3.21e-22,3984.699,1.213,7931.567383,Paired_Doves,11.314
166715,23.511,7.625,2.45e-22,1873.984,0.25,3710.1376950000003,Paired_Doves,22.627
168109,26.685,8.372,1.7799999999999998e-22,45.125,1.125,52.418892,Paired_Doves,22.627
192588,24.802,8.735,2.5799999999999997e-22,3882.849,1.092,7729.797363,Paired_Doves,11.314
176393,27.358,11.39,2.48e-22,1161.701,1.0,2287.501221,Paired_Doves,11.314
202482,27.308000000000003,9.086,1.65e-22,3300.365,1.0,6562.898438,Paired_Doves,11.314
153175,41.57,8.115,8.899999999999999e-23,3623.438,0.34600000000000003,7181.664551000001,Paired_Doves,11.314
174906,24.763,54.248999999999995,1.2500000000000001e-21,3579.775,2.2030000000000003,7136.170898,Paired_Doves,5.657
204466,24.802,9.524,2.9299999999999997e-22,3984.217,2.313,7932.532227,Paired_Doves,11.314
200739,22.739,8.982999999999999,2.74e-22,3908.493,1.379,7786.395508,Paired_Doves,11.314
174805,24.116999999999997,8.917,2.4200000000000003e-22,3984.217,1.446,7932.532227,Paired_Doves,11.314
116425,38.93,7.507000000000001,7.570000000000001e-23,41.827,0.125,25.792820000000003,Paired_Doves,11.314
201744,27.308000000000003,8.147,1.72e-22,31.581999999999997,0.375,25.333481,Paired_Doves,11.314
205276,24.116999999999997,7.598,1.85e-22,859.797,0.688,1683.6934809999998,Paired_Doves,11.314
177886,24.264,7.888999999999999,2.0600000000000001e-22,2320.768,0.75,4603.705566,Paired_Doves,11.314
200699,27.358,7.9239999999999995,1.75e-22,3986.364,0.614,7928.237793000001,Paired_Doves,11.314
160662,50.268,10.284,6.03e-23,3277.857,0.625,6484.154785,Paired_Doves,22.627
203024,26.685,7.7379999999999995,2.25e-22,27.346999999999998,1.0,16.8638,Paired_Doves,22.627
203072,32.173,9.926,1.11e-22,3947.325,1.0,7856.819823999999,Paired_Doves,22.627
176133,25.048000000000002,8.025,2.37e-22,27.346999999999998,0.75,16.8638,Paired_Doves,11.314
153664,21.559,11.127,4.0199999999999996e-22,440.835,0.75,851.0812380000001,Paired_Doves,11.314
182481,28.43,7.519,1.23e-22,3875.867,0.502,7704.94873,Paired_Doves,22.627
180068,24.116999999999997,8.071,2.3300000000000003e-22,673.393,0.5,1310.883911,Paired_Doves,22.627
161117,47.183,7.857,6.010000000000001e-23,3869.171,0.5,7718.341797,Paired_Doves,22.627
190982,24.264,9.695,2.35e-22,3366.41,1.25,6702.22998,Paired_Doves,11.314
206190,25.048000000000002,8.984,2.05e-22,3026.927,0.441,6017.739746,Paired_Doves,11.314
190531,44.288000000000004,9.641,8.540000000000001e-23,139.638,0.313,207.718262,Paired_Doves,11.314
201041,1119.088,8.166,5.44e-23,1252.58,0.008,772.407654,1080Lines,22.627
189981,1050.42,10.76,6.63e-23,4325.513,0.561,7249.939941,1080Lines,11.314
206992,48.349,7.641,9.599999999999999e-23,3440.1940000000004,0.815,6787.558594,1080Lines,45.255
205739,1065.326,9.901,6.079999999999999e-23,1363.63,0.023,1326.175415,1080Lines,11.314
207053,1050.42,7.744,4.56e-23,1169.663,0.016,938.2408449999999,1080Lines,22.627
198629,1005.273,12.825,1.51e-22,2466.545,0.16399999999999998,3800.187012,1080Lines,22.627
189509,1230.752,7.652,6.75e-23,2924.6740000000004,0.877,5593.318359000001,1080Lines,45.255
180162,1050.42,9.217,5.61e-23,1363.63,0.02,1326.175415,1080Lines,11.314
175252,1050.42,7.776,4.65e-23,4307.062,0.557,6881.37207,1080Lines,22.627
178429,1023.363,8.302,8.540000000000001e-23,1023.672,0.031,262.832123,1080Lines,45.255
193793,50.213,8.373,7.04e-23,3424.861,1.25,6754.947265999999,1080Lines,45.255
204392,985.9639999999999,7.97,4.57e-23,1169.663,0.012,938.2408449999999,1080Lines,11.314
170872,985.9639999999999,8.013,4.62e-23,4224.2390000000005,0.077,6862.887695,1080Lines,22.627
202643,1005.326,7.5920000000000005,4.51e-23,1012.823,0.016,624.560974,1080Lines,22.627
206941,50.691,7.726,7.04e-23,51.18,0.875,3.8139800000000004,1080Lines,45.255
204143,50.691,7.69,6.76e-23,1787.089,1.5,3475.631104,1080Lines,45.255
176597,985.9639999999999,8.033999999999999,4.8399999999999995e-23,1012.823,0.016,624.560974,1080Lines,22.627
185555,1050.42,9.042,5.4e-23,1509.3210000000001,0.016,1617.555908,1080Lines,11.314
197866,985.9639999999999,8.079,4.5799999999999995e-23,4046.2509999999997,0.113,6691.415527,1080Lines,22.627
159933,1050.42,8.461,5.37e-23,1169.663,0.012,938.2408449999999,1080Lines,22.627
147557,1018.8789999999999,11.944,1.6e-22,733.6610000000001,0.094,1395.762817,1080Lines,45.255
170004,1050.42,8.604,5.1600000000000004e-23,1012.823,0.023,624.560974,1080Lines,11.314
146202,50.056000000000004,12.84,7.55e-23,3689.9359999999997,2.207,7308.313477,1080Lines,45.255
206920,1065.326,9.892000000000001,6.23e-23,1363.63,0.012,1326.175415,1080Lines,11.314
167371,833.204,7.739,4.3700000000000003e-23,3947.0609999999997,3.0239999999999996,7857.163573999999,1080Lines,45.255
194888,1050.42,12.475999999999999,7.47e-23,1603.514,0.023,1805.942139,1080Lines,11.314
159976,1050.42,9.215,5.52e-23,1169.663,0.016,938.2408449999999,1080Lines,22.627
179798,50.213,7.702999999999999,6.18e-23,50.543,1.0,5.0873800000000005,1080Lines,45.255
206565,1065.326,13.867,8.520000000000001e-23,3410.718,0.111,5688.53125,1080Lines,11.314
100841,1023.363,7.521,6.120000000000001e-23,956.428,0.109,511.769409,1080Lines,45.255
178426,1023.363,8.302,8.540000000000001e-23,1023.672,0.031,262.832123,1080Lines,45.255
191701,1075.056,8.392000000000001,8.95e-23,2354.177,6.81,4024.9235840000006,1080Lines,22.627
161092,1039.606,8.23,4.9999999999999997e-23,1252.58,0.023,772.407654,1080Lines,22.627
196813,1050.42,9.201,5.660000000000001e-23,4325.513,0.622,7249.939941,1080Lines,11.314
147372,1025.928,7.695,5.1900000000000005e-23,4025.155,1.3630000000000002,7850.655273,1080Lines,45.255
201178,1050.42,8.022,4.879999999999999e-23,1012.823,0.012,624.560974,1080Lines,22.627
201161,1065.326,8.637,5.1600000000000004e-23,1169.663,0.01,938.2408449999999,1080Lines,11.314
204998,50.213,8.919,7.77e-23,49.365,1.375,5.2251199999999995,1080Lines,45.255
179928,50.213,9.463,7.81e-23,2977.156,1.719,5870.061035,1080Lines,45.255
205268,985.9639999999999,7.547000000000001,4.41e-23,927.815,0.008,454.54513499999996,1080Lines,11.314
204525,1065.326,9.082,5.62e-23,843.568,0.402,1590.430542,1080Lines,11.314
153970,1191.555,10.03,6.83e-23,1686.431,0.023,1640.1088869999999,1080Lines,22.627
205661,1065.326,9.402000000000001,5.689999999999999e-23,1169.663,0.023,938.2408449999999,1080Lines,11.314
185179,1119.088,7.8629999999999995,5.1399999999999997e-23,1252.58,0.016,772.407654,1080Lines,22.627
194471,1028.549,8.437999999999999,6.799999999999999e-23,1055.162,0.07,199.852463,1080Lines,45.255
138586,56.06399999999999,8.869,5.37e-23,3304.389,2.775,6588.777344,1080Lines,45.255
206269,841.122,7.986000000000001,5.629999999999999e-23,1748.483,0.35200000000000004,1901.683228,1080Lines,45.255
178756,1098.858,8.263,7.19e-23,1174.485,0.12300000000000001,208.919601,1080Lines,45.255
191700,1075.056,8.392000000000001,8.95e-23,2354.177,6.81,4024.9235840000006,1080Lines,22.627
204734,1050.42,10.161,6.15e-23,1363.63,0.023,1326.175415,1080Lines,11.314
